dataMatrix	X501f	X502m	X503m	X506m	X508f	X509f	X513m	X517f	X518f	X521f	X527m	X528m	X529f	X531f	W616f	W617f	W620f	W621f	W622f	W623f	W625m	W627m	W628m	W629m	W630m	W631m	W632f	W633f	W634m
Eye.Morphology.Left.vitreous.humor.thickness..µm.	NA	517	525	521	475	510	522	517	515	527	513	519	519	526	NA	NA	548	584	566	NA	533	582	NA	NA	NA	NA	NA	NA	567
Auditory.startle.reflex.reactivity.and.PPI...P1...PP90	88.97	93.8	85.36	83.37	88.41	75.15	88.29	86.98	80.66	82.85	87.82	80.48	90.16	83.39	61.99	90.22	68.81	71.01	71.18	60.99	78.56	79.68	66.74	59.38	84.02	67.79	80.83	75.34	81.91
Auditory.startle.reflex.reactivity.and.PPI...P1...PP85	87.06	86.28	89.32	76.23	81.95	58.52	86.58	89.95	80.49	68.76	79.63	69.37	89.64	69.89	57.14	87.49	66.42	56.28	59.38	62.99	71.78	77.08	60.44	54.29	77.68	38.82	77.44	74.65	73.02
Eye.Morphology.OCT.left.inner.nuclear.layer..µm.	NA	30	31	29	28	31	29	25	30	30	26	27	33	26	NA	NA	33	34	34	NA	32	34	NA	NA	NA	NA	NA	NA	29
Clinical.chemistry.parameters.T..bilirubin..µmol.l.	6.4	4.4	5.8	8	3.3	5.2	10.2	5.8	6.1	7.2	7.2	8.3	3.8	5.2	5	6.1	3.5	NA	3.6	NA	2.2	3	3	5.8	NA	3.8	5.5	5	4.2
Hot.plate.test.Nb.cage	3	1	1	1	3	3	1	2	2	3	2	2	3	3	2	2	4	4	4	4	3	3	4	4	4	4	2	2	1
Shock.threshold.test.Nb.cage	3	1	1	1	3	3	1	2	2	3	2	2	3	3	2	2	4	4	4	4	3	3	4	4	4	4	2	2	1
Auditory.brainstem.response.nb.cage	3	2	1	1	3	3	1	2	2	3	2	2	3	3	2	2	4	4	4	4	3	3	4	4	4	4	2	2	1
Auditory.startle.reflex.reactivity.and.PPI...P1.nb.cage	3	2	1	1	3	3	1	2	2	3	2	2	3	3	2	2	4	4	4	4	3	3	4	4	4	4	2	2	1
Dysmorphology.IMPC.Nb.cage	3	2	1	1	3	3	1	2	2	3	2	2	3	3	2	2	4	4	4	4	3	3	4	4	4	4	2	2	1
Grip.test.Nb.cage	3	2	1	1	3	3	1	2	2	3	2	2	3	3	2	2	4	4	4	4	3	3	4	4	4	4	2	2	1
Modified.SHIRPA.Nb.cage	3	2	1	1	3	3	1	2	2	3	2	2	3	3	2	2	4	4	4	4	3	3	4	4	4	4	2	2	1
Modified.SHIRPA.Nb.cage.Eumodic	3	2	1	1	3	3	1	2	2	3	2	2	3	3	2	2	4	4	4	4	3	3	4	4	4	4	2	2	1
Pavlovian.fear.conditioning.Nb.cage	3	2	1	1	3	3	1	2	2	3	2	2	3	3	2	2	4	4	4	4	3	3	4	4	4	4	2	2	1
Rotarod.test.Nb.cage	3	2	1	1	3	3	1	2	2	3	2	2	3	3	2	2	4	4	4	4	3	3	4	4	4	4	2	2	1
Eye.Morphology.OCT.left.anterior.chamber.depth	NA	417	408	415	424	409	417	386	400	391	396	411	405	407	NA	NA	386	388	393	NA	407	387	NA	NA	NA	NA	NA	NA	NA
Auditory.startle.reflex.reactivity.and.PPI...P1.PP90	37	96.2	107.9	147.5	87.8	190.4	96.2	94.2	47.7	162.1	195.7	260.8	34.3	135.4	206.1	68.4	73.1	142.1	284.2	56.6	367.7	224.2	272.5	273.4	158.6	430.7	47.4	121.6	181.6
Clinical.chemistry.parameters.T..bilirubin.mg.dl..mg.dl.	0.37	0.26	0.34	0.47	0.19	0.3	0.6	0.34	0.36	0.42	0.42	0.49	0.22	0.3	0.29	0.36	0.2	NA	0.21	NA	0.13	0.18	0.18	0.34	NA	0.22	0.32	0.29	0.25
Grip.test.Grip.mean.ratio..g.g.	4.26	4.62	4.04	3.86	4.68	4.95	4.24	4.03	4.38	4.61	3.6	5.43	4.32	4.99	5.71	4.2	4.38	5.11	5.36	5.53	6.54	4.12	3.94	5.45	4.91	5.06	4.56	5.35	3.88
Haematology...Complete.blood.count..CBC.on.the.Advia.120.MPV..fL.	4.6	4.4	4.3	4.3	4.4	4.6	4.3	4.4	NA	4.1	4.3	4.3	NA	4.9	4.2	4	NA	NA	4.4	NA	4.1	4.1	4.2	4.1	4.4	4.4	4.3	NA	4.1
ECG.in.anaesthetized.conditions.Ramp..mv.	1.01	0.81	0.85	0.83	1.17	0.62	0.93	0.58	0.21	0.74	0.95	1.09	0.61	0.6	1.07	0.85	1.07	0.77	1.27	0.89	0.74	1.03	0.98	0.83	0.9	1.26	1	0.86	0.98
Eye.Morphology.OCT.right.total.retinal.thickness..µm.	NA	216	223	225	220	234	223	223	225	217	215	216	221	217	NA	NA	224	221	230	NA	232	226	NA	NA	NA	NA	NA	NA	225
Eye.Morphology.OCT.left.outer.nuclear.layer..µm.	NA	58	58	58	55	54	58	52	58	57	60	58	58	52	NA	NA	61	57	58	NA	60	60	NA	NA	NA	NA	NA	NA	57
Clinical.chemistry.parameters.Albumin..g.l.	30	27	26	29	28	27	29	28	30	33	28	27	29	31	29	28	30	26	25	NA	21	24	28	29	NA	27	29	29	27
Echocardiography.using.the.Vevo.light.HR..bpm.	426	440	385	380	430	450	380	445	455	450	423	440	440	430	430	430	360	415	392	390	390	345	320	390	408	360	475	500	410
Open.field.test...Time.Spent.in.the.Center.I2..cm.	11.8	10.9	12.9	11.1	8	6.5	15.2	3.2	16.4	4.5	9.5	12.8	11.6	10.8	8.5	16.5	8.4	9.9	18.7	16.5	12.1	18.3	6.9	12.9	18.4	11.7	16.7	13	10.2
Haematology...Complete.blood.count..CBC.on.the.Advia.120.HCT....	47.6	48.8	47.2	48.2	39.6	40.6	45.6	47	41.6	50.4	45.4	49	NA	47.2	47.2	49.4	NA	NA	46.8	NA	47	50.4	49	49.8	48.4	46.8	47.2	NA	50.2
Haematology...Complete.blood.count..CBC.on.the.Advia.120.Hte.brut....	23.8	24.4	23.6	24.1	19.8	20.3	22.8	23.5	20.8	25.2	22.7	24.5	NA	23.6	23.6	24.7	NA	NA	23.4	NA	23.5	25.2	24.5	24.9	24.2	23.4	23.6	NA	25.1
Body.Weight.body.weight.w7..g.	17.4	24.4	20.2	23.7	18.2	18.7	21.4	18.9	17.4	18.7	23.1	21.7	19.3	18.4	16.8	17	18.4	15.8	16	16.7	22.3	25.3	22.4	18.3	21.7	22.5	18.7	15.5	21.3
Open.field.test.av..speed.center..cm.s.	10.56	10.83	12.21	10.23	14.16	14.81	10.47	13.76	12.15	12.78	12.11	13.27	10.96	11.89	11.8	11.59	12.07	11.74	10.43	11.44	9.65	12.88	11.18	10.42	11.15	10.92	11.53	11.12	12.07
Pavlovian.fear.conditioning.context.freezing.con.1	50	14	26	42	44	44	10	6	8	60	16	10	26	8	20	44	84	24	4	18	46	26	52	96	10	88	48	84	14
Pavlovian.fear.conditioning.Freezing.....Con.1	41.67	11.67	21.67	35	36.67	36.67	8.33	5	6.67	50	13.33	8.33	21.67	6.67	16.67	36.67	70	20	3.33	15	38.33	21.67	43.33	80	8.33	73.33	40	70	11.67
Auditory.startle.reflex.reactivity.and.PPI...P1.Glb	76.37	75.75	78.68	62.3	62.8	48.51	72.01	79.48	62.6	57.31	61.74	50.91	75.27	52.8	58.35	85.04	51.41	45.97	42.55	54.74	50.53	60.59	50.85	42.69	70.22	40.53	76.28	63.86	66.3
Eye.Morphology.OCT.left.total.retinal.thickness..µm.	NA	218	224	228	213	220	229	220	226	223	221	214	225	212	NA	NA	223	221	228	NA	233	228	NA	NA	NA	NA	NA	NA	222
Auditory.startle.reflex.reactivity.and.PPI...P1.BN..65.	19.7	14.4	22.1	19.7	22	19.7	34.2	26.9	31.7	21.3	22.6	23.1	25.6	35.7	23.5	17.3	26.2	20.6	14.9	19.8	18.3	16.4	29	23.4	18.7	23.5	20.8	22.2	15.9
Rotarod.test.Trial.1..s.	68	70	115	110	92	96	78	138	96	110	82	72	86	138	114	125	91	300	137	290	103	119	117	87	62	77	121	67	64
Grip.test.Trial2..4paws...g.	165	300	214	192	190	162	157	196	145	186	202	219	182	181	155	159	181	171	175	159	259	210	146	140	140	204	170	182	156
Test.de.Tolérance.au.Glucose..GTT..Glucose.T60..mg.dl.	159	286	216	208	150	152	185	172	194	173	229	244	191	150	164	170	197	175	203	168	254	NA	260	221	201	246	247	229	209
ECG.in.anaesthetized.conditions.QT.corrigé..ms.Corr.	119.26	128.19	123.2	123.74	136.65	133.41	117.19	135.89	154.08	135.16	139.16	122.1	137.32	139.03	154.58	134.15	123.99	115.71	127.2	115.78	140.38	130.12	131.3	103.07	130.25	125.59	98.16	106.67	124.31
Clinical.chemistry.parameters.HDL.Chol..mg.dl..mg.dl.	50.7	61.92	64.24	60.76	56.5	51.47	72.37	56.89	58.82	57.66	51.47	56.89	54.95	58.82	59.21	56.5	56.89	NA	NA	NA	70.43	58.82	65.79	68.5	NA	75.08	48.76	61.53	66.56
Dysmorphology.IMPC.Loc..activity	2	20	22	15	19	26	13	18	24	26	20	25	14	15	18	25	18	17	22	32	23	31	14	26	26	31	20	14	17
Modified.SHIRPA.Loc..activity	2	20	22	15	19	26	13	18	24	26	20	25	14	15	18	25	18	17	22	32	23	31	14	26	26	31	20	14	17
Open.field.test...distance.in.the.Center.I2..cm.	22.9	15.7	19.4	17.5	14.1	15.1	22.9	7.7	26	8.7	11.8	19.6	18.2	16.7	14.5	26.2	17.6	12.8	21.7	21.9	17.9	30	12.3	19.2	27.2	17.6	23.7	22.2	17
Eye.Morphology.OCT.right.outer.nuclear.layer..µm.	NA	58	61	61	61	66	60	61	59	57	59	58	56	58	NA	NA	59	61	62	NA	64	62	NA	NA	NA	NA	NA	NA	61
Haematology...Complete.blood.count..CBC.on.the.Advia.120..NEUTRO....	11.2	10.4	6.3	9.6	9.9	14.4	7.1	10.7	11.2	10.9	8.5	10	NA	13	10.1	7.8	NA	NA	7.4	NA	14	5.7	4.8	8	8.8	10	8.9	NA	8.2
Test.de.Tolérance.au.Glucose..GTT..Glucose.T60..mmol.l.	8.7	15.7	11.9	11.4	8.3	8.4	10.2	9.5	10.7	9.5	12.6	13.4	10.5	8.3	9	9.3	10.8	9.6	11.2	9.2	14	NA	14.3	12.2	11.1	13.5	13.6	12.6	11.5
Haematology...Complete.blood.count..CBC.on.the.Advia.120.LYMPHO..x10E03.cells.µL.	2.08	4.44	2.38	3.42	3.14	1.14	3.5	1.86	1.92	3.22	5.36	4.04	NA	1.98	2.02	4.4	NA	NA	2.82	NA	4.96	5.22	4.06	3.22	3.64	3.2	3.2	NA	5.74
Haematology...Complete.blood.count..CBC.on.the.Advia.120.RBC..x10E06.cells.µL.	9.62	9.82	9.48	9.98	7.96	8.06	9.66	9.48	8.18	10.62	8.92	9.78	NA	9.72	9.58	10.02	NA	NA	9.42	NA	9.08	10.12	9.92	10.32	10.2	9.66	9.48	NA	10.34
Haematology...Complete.blood.count..CBC.on.the.Advia.120.LYMPHO.BRUT..x10E03.cells.µL.	1.04	2.22	1.19	1.71	1.57	0.57	1.75	0.93	0.96	1.61	2.68	2.02	NA	0.99	1.01	2.2	NA	NA	1.41	NA	2.48	2.61	2.03	1.61	1.82	1.6	1.6	NA	2.87
Haematology...Complete.blood.count..CBC.on.the.Advia.120..LUC....	0.2	0.4	0.3	0.1	0.1	0.3	0.1	0.1	0.1	0.1	0.5	0.6	NA	0.3	0.1	0.4	NA	NA	0.7	NA	0.6	0.6	0	0.2	0.6	1.1	0.2	NA	0.5
Echocardiography.using.the.Vevo.light.FS....	37.26	23.41	33.06	23.43	31.02	28.01	23.53	29.67	23.81	25.68	31.08	23.83	27.46	33.97	25.73	32.06	26.14	24.18	24.58	25.86	26.63	27.9	28.75	25.61	22.71	25.97	22.92	26.69	26.14
Haematology...Complete.blood.count..CBC.on.the.Advia.120.RBC.brut..x10E06.cells.µL.	4.81	4.91	4.74	4.99	3.98	4.03	4.83	4.74	4.09	5.31	4.46	4.89	NA	4.86	4.79	5.01	NA	NA	4.71	NA	4.54	5.06	4.96	5.16	5.1	4.83	4.74	NA	5.17
ECG.in.anaesthetized.conditions.Number.of.signals	53	163	74	166	200	156	200	171	200	200	200	200	51	200	88	62	66	125	138	65	200	200	70	140	105	200	200	200	64
Grip.test.Grip.mean..4paws...g.	160.33	289	229.67	192.67	189	164.33	160.33	201.33	140.33	177.33	228	211.67	173.67	178.33	158	165	191.67	183	172	163	251.67	206	144.33	141.33	141.33	205.67	180.33	180.33	156
Grip.test.Trial3..4paws...g.	156	278	239	204	185	166	172	205	145	175	243	209	167	168	167	168	199	196	160	178	246	197	148	137	149	187	193	181	158
Clinical.chemistry.parameters.Glucose.mg.dl..mg.dl.	289.8	275.4	221.4	169.2	315	280.8	183.6	223.2	288	190.8	264.6	145.8	297	288	343.8	306	286.2	NA	NA	NA	266.4	235.8	207	160.2	NA	241.2	286.2	316.8	216
Grip.test.Trial.3..g.	74	120	96	102	93	99	98	80	83	91	87	113	82	88	109	78	86	91	90	90	167	114	91	110	110	121	94	79	104
Echocardiography.using.the.Vevo.light.EF....	68.18	46.79	61.89	47.25	59.14	54.89	47.51	57.18	48.26	51.1	58.73	47.6	53.82	63.2	51.11	60.49	51.67	48.17	49.24	51.41	52.36	53.83	55.65	51.07	46.69	51.37	46.58	52.65	51.67
Clinical.chemistry.parameters.Glucose..mmol.l.	16.1	15.3	12.3	9.4	17.5	15.6	10.2	12.4	16	10.6	14.7	8.1	16.5	16	19.1	17	15.9	NA	NA	NA	14.8	13.1	11.5	8.9	NA	13.4	15.9	17.6	12
Dysmorphology.IMPC.Body.weight..g.	17.6	26	21.7	24.1	20.1	20.5	21.7	19.8	19.2	20.3	24.5	23.8	20.9	19.6	18.6	18.9	19.3	17.3	17	18.6	24.2	26.5	24	19.7	23	24.1	19.9	16.9	23.6
Open.field.test.Number.of.Rearings.I4	25	50	27	53	33	21	56	45	25	30	43	55	30	15	14	22	28	39	25	31	20	49	43	33	21	44	38	32	30
Haematology...Complete.blood.count..CBC.on.the.Advia.120.WBC..x10E03.cells.µL.	2.7	5.22	2.48	4.14	4.42	1.66	4.1	2.38	2.48	3.58	6.3	5.18	NA	2.42	2.04	5.12	NA	NA	3.48	NA	6.48	5.72	4.44	3.56	4.92	4.34	3.82	NA	6.14
Haematology...Complete.blood.count..CBC.on.the.Advia.120.WBC.brut..x10E03.cells.µL.	1.35	2.61	1.24	2.07	2.21	0.83	2.05	1.19	1.24	1.79	3.15	2.59	NA	1.21	1.02	2.56	NA	NA	1.74	NA	3.24	2.86	2.22	1.78	2.46	2.17	1.91	NA	3.07
Ultrafocus...Densitométrie.osseuse.et.composition.corporelle.Body.length..cm.	9.6	10.5	10	10	9.8	9.9	10	10.2	10	10	10.4	10.4	10.1	10.1	9.9	9.9	10	9.9	9.5	9.8	10.2	10.5	10	9.5	10	10	10.1	10	10
Auditory.startle.reflex.reactivity.and.PPI...P1.PP85	43.4	212.9	78.7	210.8	136.7	317.8	110.3	72.7	48.1	295.3	327.2	409.3	36.1	245.5	232.4	87.5	78.7	214.3	400.5	53.7	483.9	252.9	324.1	307.6	221.6	818	55.8	125	270.9
Open.field.test.Latency.center..s.	43	8.6	7.6	10.6	5.4	7.6	18.8	4.4	4.6	2.2	10.4	9.2	6	21	6.6	30	10.4	4.8	22.4	23.6	37.4	13.6	9	11.4	8.4	5.4	17	72	7
Open.field.test...distance.in.the.Center.I3..cm.	24.9	14.8	21.7	35.6	23.6	15.7	35.3	21	21.9	16.5	21.1	9.7	19.6	24.7	20.6	24.5	16.3	11.2	21.6	13.2	9.7	33.5	23.7	12	11.2	18.9	26.3	12.4	20.5
Test.de.Tolérance.au.Glucose..GTT..Body.weight..g.	16.5	25.6	20.8	21.9	18.7	20.2	21	19	18.8	17.9	23.4	23.4	19.3	18.3	18.6	17.8	18.8	17.3	16.3	18.4	24.3	NA	22.5	19.1	22.3	23.6	17.6	16.3	22.2
Haematology...Complete.blood.count..CBC.on.the.Advia.120.HGB..g.dL.	13.4	13.4	13	13.4	11	11.6	13.4	13	11.6	14.4	12.8	14	NA	13.8	13.6	13.8	NA	NA	13	NA	12.4	13.8	13.8	14	13.8	13.4	13	NA	14.2
Haematology...Complete.blood.count..CBC.on.the.Advia.120.HGB.brut..g.dL.	6.7	6.7	6.5	6.7	5.5	5.8	6.7	6.5	5.8	7.2	6.4	7	NA	6.9	6.8	6.9	NA	NA	6.5	NA	6.2	6.9	6.9	7	6.9	6.7	6.5	NA	7.1
Clinical.chemistry.parameters.HDL.Chol...mmol.l.	1.31	1.6	1.66	1.57	1.46	1.33	1.87	1.47	1.52	1.49	1.33	1.47	1.42	1.52	1.53	1.46	1.47	NA	NA	NA	1.82	1.52	1.7	1.77	NA	1.94	1.26	1.59	1.72
Auditory.startle.reflex.reactivity.and.PPI...P1.Body.weight..g.	18.1	28	22.7	24.4	20.2	21	22.4	20.7	19.9	20.2	24	24.3	20.9	20.6	18.4	19	19.8	18.6	18.5	19.3	26.4	27.6	24.4	20.6	23.6	24.7	19.7	16.7	23
Grip.test.Trial1..4paws...g.	160	289	236	182	192	165	152	203	131	171	239	207	172	186	152	168	195	182	181	152	250	211	139	147	135	226	178	178	154
ECG.in.anaesthetized.conditions.QT..ms.	46.45	45.99	49.11	48.14	52.41	46.7	48.85	50.57	56.22	48.19	52.87	46.04	50.35	54.77	52.33	51.77	49.23	40.8	48.92	47.08	52.09	50.46	54.3	40.24	53.58	50.4	33.37	36.38	50.14
Grip.test.Weight..g.	17.3	27.2	22.1	24.2	20.3	20.4	22.4	20.1	19.1	20.3	23.9	23.7	20.3	19.7	18.2	18.5	19.4	17.4	17.3	18.7	25.4	27.4	24.6	20.5	23.3	24.7	19.8	16	23.3
Modified.SHIRPA.Body.weight	17.3	27.2	22.1	24.2	20.3	20.4	22.4	20.1	19.1	20.3	23.9	23.7	20.3	19.7	18.2	18.5	19.4	17.4	17.3	18.7	25.4	27.4	24.6	20.5	23.3	24.7	19.8	16	23.3
Rotarod.test.Body.weight..g.	17.3	27.2	22.1	24.2	20.3	20.4	22.4	20.1	19.1	20.3	23.9	23.7	20.3	19.7	18.2	18.5	19.4	17.4	17.3	18.7	25.4	27.4	24.6	20.5	23.3	24.7	19.8	16	23.3
Grip.test.Trial.1..g.	70	126	85	88	95	104	90	81	88	90	84	138	93	113	109	74	85	92	88	115	168	112	100	124	121	126	91	90	83
Grip.test.Grip.mean..g.	73.67	125.67	89.33	93.33	95	101	95	81	83.67	93.67	86	128.67	87.67	98.33	104	77.67	85	89	92.67	103.33	166	113	97	111.67	114.33	125	90.33	85.67	90.33
Eye.Morphology.OCT.right.inner.nuclear.layer..µm.	NA	27	30	33	30	36	33	31	31	25	26	29	31	31	NA	NA	33	30	30	NA	33	34	NA	NA	NA	NA	NA	NA	31
Echocardiography.using.the.Vevo.light.Body.mass..g.	20.3	28.4	23.6	25.1	22.6	22.1	24.6	24.2	21.8	21.3	26.7	26.6	23.1	21.7	21.5	21.2	22.5	19.9	19.6	20.9	28.3	29.6	25.3	21.7	24.7	26.4	20.7	19.6	25.5
Ultrafocus...Densitométrie.osseuse.et.composition.corporelle.fat.weight..g.	1.66	4.65	3.9	4.36	2.35	2.63	5.03	2.88	2.55	3.26	4.69	4.76	2.71	2.88	2.3	2.21	2.39	2.8	2.4	3.15	2.64	3.49	4.36	3.59	3.69	5.8	2.8	2.21	4.87
Hot.plate.test.Type.of.response	2	2	1	2	2	2	2	2	2	2	1	1	2	1	2	2	2	2	2	2	1	2	2	2	2	2	2	2	1
Open.field.test.Number.of.Rearings.I1	38	26	45	36	32	61	41	37	25	27	58	62	31	36	25	29	31	45	26	46	14	59	36	31	32	45	35	35	37
Pavlovian.fear.conditioning.freezing.total.context	164	26	96	154	146	148	26	50	72	216	54	42	90	70	162	158	198	126	44	70	94	32	102	234	24	130	102	278	46
Pavlovian.fear.conditioning.Freezing.....total	45.56	7.22	26.67	42.78	40.56	41.11	7.22	13.89	20	60	15	11.67	25	19.44	45	43.89	55	35	12.22	19.44	26.11	8.89	28.33	65	6.67	36.11	28.33	77.22	12.78
Open.field.test...distance.in.the.Center.I4..cm.	25.5	16.7	16.5	30.5	14.9	15.7	35.3	11	20.7	8.2	18.3	14.3	18.3	25.5	16.3	18.5	26.3	16.1	22.2	21.4	14	16.8	17.3	10.6	28.8	14.3	16.3	6.2	7.1
Open.field.test.Dist.I1..cm.	2512.8	2648.6	3108.2	2408.9	3410.2	3089.6	2524.5	2787.6	2945.4	2765.3	3134.2	3303.8	2131.1	2959.4	2536.3	2554.4	2607.5	3053.7	2718.9	2679.4	2312.9	3090.6	2795.9	2008.1	2839.2	3049.7	3196.2	2422	2774.2
Open.field.test...Time.Spent.in.the.Center.I4..cm.	21.1	10.6	8.4	21.2	9.9	6.3	29.1	5.7	35.3	3.3	14.3	9.2	13.1	17.9	9.5	11.9	16.6	12.6	16	18.1	9.9	11.7	14.5	5.8	21.7	9.7	11.9	5.5	4.1
Eye.Morphology.Right.segments..µm.	NA	35	42	41	41	39	41	40	42	41	40	38	42	40	NA	NA	40	38	42	NA	37	37	NA	NA	NA	NA	NA	NA	41
Auditory.startle.reflex.reactivity.and.PPI...P1.ST110	335.5	1551.3	736.8	886.8	757.3	766.1	821.7	723.6	246.6	945.3	1606.3	1336.4	348.6	815.4	542.2	699.3	234.4	490.2	986	145.1	1714.9	1103.2	819.3	673	992.7	1337.1	247.3	493.1	1004
Clinical.chemistry.parameters.TG.mg.dl..mg.dl.	66.38	144.25	161.96	97.35	96.47	77	107.08	79.65	75.22	88.5	72.57	69.03	68.14	45.13	61.06	72.57	150.45	NA	NA	NA	98.23	141.6	110.63	64.61	NA	84.96	135.41	91.16	123.02
Pavlovian.fear.conditioning.context.freezing.con.2	40	6	26	44	28	62	6	24	36	52	12	20	36	12	78	34	26	50	12	22	26	4	38	78	6	18	16	120	22
Pavlovian.fear.conditioning.Freezing.....Con.2	33.33	5	21.67	36.67	23.33	51.67	5	20	30	43.33	10	16.67	30	10	65	28.33	21.67	41.67	10	18.33	21.67	3.33	31.67	65	5	15	13.33	100	18.33
ECG.in.anaesthetized.conditions.ST..ms.	34.27	32.48	37.23	36.55	41.45	34.91	36.01	36.59	44.08	35.78	39.52	34.83	36.88	41.77	41	40.52	37.36	28.24	37.04	35.69	39.62	39.49	42.4	26.8	40.55	38.44	23.64	24.39	39.2
Eye.Morphology.Left.inner.plexiform.layer..µm.	NA	66	63	65	58	61	64	67	63	62	64	61	63	64	NA	NA	62	61	62	NA	75	68	NA	NA	NA	NA	NA	NA	61
Clinical.chemistry.parameters.TG..mmol.l.	0.75	1.63	1.83	1.1	1.09	0.87	1.21	0.9	0.85	1	0.82	0.78	0.77	0.51	0.69	0.82	1.7	NA	NA	NA	1.11	1.6	1.25	0.73	NA	0.96	1.53	1.03	1.39
Haematology...Complete.blood.count..CBC.on.the.Advia.120.MCH..pg.	14	13.7	13.6	13.4	13.7	14.4	13.8	13.8	14.2	13.5	14.3	14.4	NA	14.1	14.2	13.7	NA	NA	13.9	NA	13.7	13.6	14	13.6	13.5	13.8	13.8	NA	13.7
Haematology...Complete.blood.count..CBC.on.the.Advia.120.PLT..x10E03.cells.µL.	790	1160	1614	902	776	758	812	946	NA	988	884	788	NA	954	916	950	NA	NA	596	NA	1374	1094	1100	1200	1050	1126	918	NA	1172
Haematology...Complete.blood.count..CBC.on.the.Advia.120.PLT.brut..x10E03.cells.µL.	395	580	807	451	388	379	406	473	NA	494	442	394	NA	477	458	475	NA	NA	298	NA	687	547	550	600	525	563	459	NA	586
Test.de.Tolérance.au.Glucose..GTT..Glucose.T0..mg.dl.	85	100	99	88	84	74	90	95	71	90	112	91	104	90	110	90	102	117	94	92	102	NA	71	78	99	67	108	102	100
Eye.Morphology.Right.inner.plexiform.layer..µm.	NA	69	61	60	60	62	58	54	62	67	63	59	63	59	NA	NA	60	61	66	NA	70	63	NA	NA	NA	NA	NA	NA	58
Eye.Morphology.Left.segments..µm.	NA	36	42	44	39	40	43	42	40	40	36	39	40	41	NA	NA	39	38	43	NA	38	37	NA	NA	NA	NA	NA	NA	40
ECG.in.anaesthetized.conditions.PR..ms.	47.7	48.2	46	48.9	48.8	51.7	54.2	47	52.5	47.3	43.1	46.9	50.6	51.5	42.8	54.7	58	48.1	55.2	51.7	49.4	50.5	43.6	48.9	47.1	48.9	52.1	46.7	50.3
Ultrafocus...Densitométrie.osseuse.et.composition.corporelle.lean.percent....	91.15	82.66	82.94	81.33	89.13	87.55	78.31	85.96	87.05	84.03	81.55	81.54	87.07	86.11	88.7	88.67	88.28	86.09	87.46	84.35	90.36	87.67	82.01	82.45	83.93	76.44	86.13	88.27	80.36
Ultrafocus...Densitométrie.osseuse.et.composition.corporelle.fat.percent....	8.85	17.34	17.06	18.66	10.87	12.45	21.69	14.04	12.95	15.97	18.45	18.46	12.93	13.89	11.3	11.33	11.72	13.91	12.54	15.65	9.63	12.33	18	17.55	16.07	23.56	13.87	11.73	19.64
Test.de.Tolérance.au.Glucose..GTT..Glucose.T0..mmol.l.	4.7	5.5	5.4	4.8	4.6	4.1	5	5.2	3.9	5	6.2	5	5.7	5	6	5	5.6	6.4	5.2	5.1	5.6	NA	3.9	4.3	5.4	3.7	5.9	5.6	5.5
Rotarod.test.Passive.rotation..T3.	1	2	2	1	1	2	1	2	2	1	1	2	1	1	2	2	1	1	2	1	1	2	2	1	1	2	2	2	2
Anapath...A2.heart	0.54	0.53	0.56	0.51	0.61	0.62	0.47	0.54	0.57	0.61	0.67	0.58	0.57	0.62	0.62	0.74	0.67	0.6	0.53	0.53	0.7	0.67	0.58	0.6	0.59	0.53	0.55	0.65	0.51
Clinical.chemistry.parameters.Non.HDL.Chol...mmol.l.	0.82	0.66	0.93	0.85	0.75	0.83	1.09	0.91	0.91	0.86	0.67	0.73	0.68	0.85	0.79	0.82	0.86	NA	NA	NA	0.69	0.63	0.59	0.78	NA	0.74	0.85	0.96	0.75
Anapath.A2.heart..mg...mg.	107	150	132	126	137	138	114	118	121	130	195	154	129	130	133	155	140	129	108	110	195	195	145	135	146	142	122	132	131
Auditory.startle.reflex.reactivity.and.PPI...P1...PP75	72.79	74.38	79.93	64.08	61.97	30.66	57.32	80.64	57.1	42.98	57.04	47.94	68.65	28.38	65.68	84	49.57	44.94	31.11	60.03	43.68	55.74	39.8	41.08	64.99	30.91	80.43	52.87	65.57
Eye.Morphology.Right.vitreous.humor.thickness..µm.	NA	506	515	524	507	511	520	773	532	531	509	515	532	519	NA	NA	563	561	538	NA	556	588	NA	NA	NA	NA	NA	NA	547
Auditory.startle.reflex.reactivity.and.PPI...P1.P90	59	172.2	64.9	172.4	205.9	144.1	144.5	93.3	78.1	131.9	68.4	70.7	45.8	180.1	170.3	105.6	86.3	35	215.2	101.5	141.1	28.9	222.7	130.7	78.9	147	131.3	104.4	335
Grip.test.Trial.2..g.	77	131	87	90	97	100	97	82	80	100	87	135	88	94	94	81	84	84	100	105	163	113	100	101	112	128	86	88	84
Clinical.chemistry.parameters.ALP..U.l.	154	70	89	71	108	86	80	103	102	133	72	72	133	137	112	111	146	114	135	NA	78	69	104	91	NA	80	115	125	69
Open.field.test...Time.Spent.in.the.Center.I3..cm.	16.9	9.2	15.9	25.6	18	4.8	28.2	13.8	15.5	8.3	16.7	7.1	10.7	14.8	13.5	16.3	9.1	8.8	13.6	12.5	5	22.5	20.1	10.1	6.4	16.1	19.7	6.3	16.8
Haematology...Complete.blood.count..CBC.on.the.Advia.120.MCHC..g.dL.	28.4	27.6	27.4	27.8	27.6	28.6	29.2	27.8	28	28.5	28.2	28.7	NA	29	28.9	27.8	NA	NA	28	NA	26.4	27.4	28.3	28.2	28.5	28.5	27.7	NA	28.2
Test.de.Tolérance.au.Glucose..GTT..Glucose.auc.0.120...min.mg.dl.	13275	21120	14595	13890	8385	10035	14340	10253	15218	11903	15180	17348	10620	10830	7913	11753	13568	9795	14078	10568	16388	NA	19470	17213	11093	20003	14318	15720	13050
Open.field.test.Dist.global..cm.	8411	8551.4	9107.6	8098.6	11375	7594.1	9373.9	8934	9730.9	7835	11106.6	10535.5	7556.4	9036.2	8450.5	8131.8	8168	10171.7	8789	10036.1	7235.4	9327.8	9444.7	7513.8	9156.3	9482.6	10329.3	7420.8	9240.1
Open.field.test.Distance.whole.arena..cm.	8411	8551.4	9107.6	8098.6	11375	7594.1	9373.9	8934	9730.9	7835	11106.6	10535.5	7556.4	9036.2	8450.5	8131.8	8168	10171.7	8789	10036.1	7235.4	9327.8	9444.7	7513.8	9156.3	9482.6	10329.3	7420.8	9240.1
Open.field.test.Distance.center..cm.	1608.8	1602.7	2197.7	1921.2	2036.7	1249.8	2483.1	1125.3	2161.9	950.5	1976.6	1721.9	1240.2	1790.1	1449.1	1780.7	1491.7	1355.3	1823.6	1892	1106.1	2287.1	1744.4	1200.9	2150.2	1672.7	2204.8	1043.1	1434
Open.field.test.Dist.I4..cm.	2230.5	1831.3	1614.4	1800.4	2762.8	1428.4	2316.7	1908.9	1964.5	1718.8	2826	2264.2	1874.9	1936.4	1757.2	1660.1	1899.1	2288.2	2167.8	2711.8	1524.2	1685.3	2087	1452.5	2135.5	2112.4	2393.9	1587.1	1924.2
Test.de.Tolérance.au.Glucose..GTT..Glucose.auc.0.120...min.mmol.l.	730	1162	803	764	461	552	789	564	837	655	835	954	584	596	435	646	746	539	774	581	901	NA	1071	947	610	1100	787	865	718
Open.field.test.Resting.Time.periphery..s.	292	237	265.8	296.2	133.2	438.8	166.8	293.2	210	344.6	153.8	190	334	254	313	338.4	367.6	224.8	275	195.2	335.2	241	208.4	355	220	202.8	193.2	329.6	264.4
Open.field.test.Resting.Time.whole.arena..s.	302.4	245	274	307.6	136.2	439	179	297.6	273.6	345.6	161.4	191.8	341.6	261.6	316.6	355.2	372.8	229.4	287.6	208	344	263.2	219.8	364	227.4	206.2	195.6	336.2	269.8
Rotarod.test.Mean.latency	104	126.33	136.67	107.33	138.33	163.33	117.33	197	173.67	152.33	210	168.67	107.33	230	137	146.33	135.67	300	186.67	255.67	118	151.33	150	178.33	160.33	86.67	207.67	150	82
Auditory.startle.reflex.reactivity.and.PPI...P1.P85	39.4	78.1	37.5	161.5	83.4	79.4	79	69.3	45.4	80.1	47.4	55.6	47	122.1	105.9	71.2	48.3	34	115.2	102.9	39	31.8	117.6	53.2	52.9	50.8	130.8	55.6	232
Open.field.test.Number.of.Rearings.global	113	168	138	195	136	136	206	167	124	102	212	240	131	99	89	99	128	173	114	169	88	238	206	138	109	207	152	145	155
Open.field.test.NEntries.center	80	74	93	95	132	67	103	67	123	57	91	106	70	80	82	99	89	81	80	94	53	112	80	76	99	78	96	68	66
Pavlovian.fear.conditioning.Freezing.conditioning.post.us1	58	62	4	4	18	52	8	28	12	58	24	20	28	24	92	32	18	44	26	4	36	8	12	62	8	10	34	94	8
Echocardiography.using.the.Vevo.light.LV.Mass.AW..mg.	93.41	131.1	115.46	101.09	100.36	93.61	116.92	102.6	82.96	98	149.11	153.97	93.65	96.03	65.2	101.73	103.41	113.21	94.44	90.67	117.87	174.77	114.55	85.66	93.13	108.68	89.61	124.66	103.41
Clinical.chemistry.parameters.ALAT..U.l.	NA	51	NA	NA	24	19	NA	NA	NA	NA	44	59	22	18	17	18	20	16	22	NA	16	8	39	83	NA	78	31	26	20
Echocardiography.using.the.Vevo.light.LV.Mass.AW..Corrected...mg.	74.72	104.88	92.37	80.87	80.29	74.89	93.54	82.08	66.37	78.4	119.28	123.17	74.92	76.82	52.16	81.38	82.73	90.57	75.55	72.54	94.3	139.82	91.64	68.52	74.51	86.95	71.69	99.73	82.73
Auditory.startle.reflex.reactivity.and.PPI...P1.P75	37.8	43.6	54.8	47.3	27.3	29.1	32.7	65.1	35.2	30.3	25	32.3	31.8	33.7	51.2	37.1	41.5	20.6	16.9	43.9	19.3	25.2	21.1	33.3	26.9	21.8	89.6	22.6	47.5
Echocardiography.using.the.Vevo.light.LV.Vol_s..uL.	17.51	56.03	32.36	41.1	31.5	29.32	38.39	32.25	31.13	34.54	43.75	51.4	34.41	30.4	36.06	33.38	38.14	50.61	37.32	33.76	39.62	54.02	36.92	32.62	26.22	38.97	36.51	34.54	38.14
Haematology...Complete.blood.count..CBC.on.the.Advia.120..LYMPHO....	80.2	84.1	91.5	82.9	79.5	76.9	85.6	84.7	79.5	84.9	85.6	79.2	NA	81.1	85.8	87.7	NA	NA	78.7	NA	75.8	89.8	89.6	88.8	79.7	79.3	84.6	NA	87.4
ECG.in.anaesthetized.conditions.Pdur..ms.	22.1	22.8	21.3	24.3	20.8	25.1	25.1	19.7	18.9	19.7	20	22.1	22.3	19	16.1	22.8	23.2	23.6	23.1	24.1	19.8	21.8	17.1	21.4	20.8	20.4	21.7	17.6	24.4
Grip.test.Grip.mean.ratio.4paws...g.g.	9.27	10.63	10.39	7.96	9.31	8.06	7.16	10.02	7.35	8.74	9.54	8.93	8.56	9.05	8.68	8.92	9.88	10.52	9.94	8.72	9.91	7.52	5.87	6.89	6.07	8.33	9.11	11.27	6.7
Ultrafocus...Densitométrie.osseuse.et.composition.corporelle.sample.area..cm2.	24.92	30.47	27.41	28.58	27.23	26.85	27.74	26.89	26.76	27.03	29.41	30.12	27.58	26.77	26.09	26.25	27.17	26.15	25.89	26.25	28.64	30.78	29.69	26.61	28.62	29.82	26.88	25.36	29.1
Haematology...Complete.blood.count..CBC.on.the.Advia.120.CHCM..g.dL.	28.5	28	28.4	28.7	28.4	28.1	29.5	28.5	27.6	29.6	28.9	29.3	NA	29.1	29	28.7	NA	NA	28.5	NA	27.1	27.9	28.5	28.9	29.2	28.9	28.3	NA	28.8
Ultrafocus...Densitométrie.osseuse.et.composition.corporelle.soft.weight..g.	18.73	26.81	22.87	23.37	21.63	21.12	23.17	20.51	19.68	20.41	25.44	25.8	20.93	20.7	20.36	19.5	20.4	20.13	19.17	20.13	27.4	28.28	24.23	20.44	22.97	24.6	20.19	18.82	24.77
Ultrafocus...Densitométrie.osseuse.et.composition.corporelle.total.weight..g.	19.16	27.42	23.33	23.87	22.11	21.63	23.64	21.04	20.18	20.92	25.95	26.3	21.43	21.21	20.87	20	20.92	20.56	19.67	20.62	27.95	28.87	24.75	20.9	23.46	25.12	20.7	19.28	25.25
Ultrafocus...Densitométrie.osseuse.et.composition.corporelle.body.weight..g.	21.3	29.1	25.1	25.6	23.8	23.8	25.8	22.9	22.1	22.8	27.5	28	23.5	22.9	22.8	22	22.7	22.4	21.4	22.6	29.1	30.5	26.7	22.9	25.8	27.3	22.5	21.1	27.1
Open.field.test.av..speed.whole.arena..cm.s.	9.37	8.95	9.84	9.08	10.69	9.98	9.18	9.9	10.5	9.17	10.69	10.45	8.8	9.63	9.57	9.63	9.87	10.48	9.63	10.12	8.45	9.96	9.64	8.99	9.41	9.54	10.28	8.59	9.93
Gross.Pathology.Body.Weight..g.	19.84	28.09	23.48	24.68	22.39	22.29	24.18	21.83	21.16	21.27	29.04	26.49	22.43	20.82	21.39	20.88	21.03	21.5	20.54	20.74	27.89	29.04	25.04	22.34	24.74	26.75	22.05	20.18	25.5
Anapath.body.weight..g.	19.841	28.095	23.477	24.679	22.39	22.289	24.177	21.834	21.16	21.272	29.04	26.491	22.435	20.815	21.389	20.878	21.032	21.502	20.537	20.742	27.895	29.04	25.04	22.344	24.736	26.75	22.05	20.177	25.505
Rotarod.test.Passive.rotation..T2.	1	2	1	2	1	2	2	2	2	2	1	1	2	1	1	2	1	1	2	2	1	2	2	2	2	2	2	2	1
Echocardiography.using.the.Vevo.light.LVID_s..mm.	2.27	3.64	2.91	3.2	2.87	2.79	3.12	2.9	2.86	2.98	3.29	3.52	2.98	2.83	3.04	2.94	3.11	3.49	3.08	2.96	3.16	3.59	3.07	2.92	2.67	3.13	3.05	2.98	3.11
Echocardiography.using.the.Vevo.light.LVAW_s..mm.	1.25	1.03	1.35	0.99	1.04	1.07	1.01	1.09	0.92	0.99	1.3	1.18	0.99	1.02	0.81	1.13	1.1	1.03	0.96	0.99	1.01	1.33	1.06	0.95	1.11	0.98	1.09	1.13	1.11
Haematology...Complete.blood.count..CBC.on.the.Advia.120.MONO..x10E03.cells.µL.	0.04	0.12	0.02	0.1	0.1	0.02	0.06	0.06	0.02	0.02	0.18	0.08	NA	0.06	0.04	0.08	NA	NA	0.08	NA	0.44	0.12	0.06	0.04	0.04	0.06	0.06	NA	0.1
Haematology...Complete.blood.count..CBC.on.the.Advia.120.CHDW..g.dL.	1.97	1.88	1.88	1.97	1.91	1.9	2.05	1.95	1.83	2.01	1.93	1.93	NA	2.1	1.97	1.9	NA	NA	1.92	NA	2.02	1.86	1.93	1.91	1.93	1.91	1.89	NA	1.91
ECG.in.anaesthetized.conditions.STE..mv.	0.02	0.02	0.02	0.01	0	0.07	0.07	0.03	0.01	0.01	0.1	0.1	0.07	0.03	0.02	0.03	0.09	0.07	0.02	0.01	-0.02	0.07	0.03	-0.03	0.05	-0.07	-0.01	-0.04	0.03
Echocardiography.using.the.Vevo.light.LVPW_s..mm.	1.14	0.89	0.93	0.86	0.91	0.94	0.97	0.99	0.92	0.81	0.94	0.96	0.9	0.94	0.72	1.02	0.84	0.74	0.87	0.84	1.02	1.06	1.03	0.88	1.02	0.91	0.91	0.91	0.96
Echocardiography.using.the.Vevo.light.LVAW_d..mm.	0.78	0.7	0.78	0.69	0.7	0.67	0.8	0.65	0.66	0.74	0.82	0.87	0.64	0.69	0.5	0.62	0.67	0.71	0.69	0.63	0.73	0.91	0.76	0.67	0.81	0.69	0.71	0.88	0.67
Echocardiography.using.the.Vevo.light.LVPW_d..mm.	0.74	0.69	0.65	0.65	0.65	0.73	0.76	0.74	0.67	0.65	0.71	0.77	0.66	0.56	0.48	0.67	0.69	0.58	0.63	0.69	0.73	0.73	0.67	0.62	0.8	0.71	0.6	0.76	0.69
Shock.threshold.test.Vocalization	0.15	0.25	0.25	0.35	0.1	0.2	0.1	0.15	0.15	0.15	0.2	0.25	0.2	0.25	0.1	0.15	0.15	0.25	0.2	0.2	0.25	0.08	0.2	0.25	0.15	0.15	0.2	0.2	0.15
Pavlovian.fear.conditioning.Freezing.Pre.cue.1	14	0	4	30	14	12	4	6	2	26	10	6	2	8	0	2	10	8	2	0	4	4	12	50	4	4	26	50	6
Haematology...Complete.blood.count..CBC.on.the.Advia.120..MONO....	1.9	2.3	0.7	2.4	2.5	1.4	1.5	2.3	1.2	0.5	2.7	1.4	NA	2.6	1.8	1.8	NA	NA	2.2	NA	6.8	2	1.5	1.1	0.9	1.4	1.6	NA	1.6
Haematology...Complete.blood.count..CBC.on.the.Advia.120..BASO....	0.1	0.3	0.2	0.2	0.3	0.2	0	0.2	0.1	0	0.2	0.1	NA	0	0	0.1	NA	NA	0.2	NA	0.1	0	0.3	0.1	0	0.1	0.3	NA	0.1
Open.field.test.Distance.periphery..cm.	6802.2	6948.7	6909.9	6177.3	9338.3	6344.3	6890.8	7808.8	7568.9	6884.5	9130.1	8813.7	6316.3	7246.2	7001.5	6351.1	6676.4	8816.4	6965.4	8144	6129.3	7040.7	7700.3	6312.8	7006.1	7810	8124.5	6377.7	7806.1
Test.de.Tolérance.au.Glucose..GTT..Glucose.T30..mg.dl.	343	384	333	286	184	242	326	272	296	265	348	362	272	316	225	237	337	281	349	273	349	NA	329	327	270	320	335	404	302
Test.de.Tolérance.au.Glucose..GTT..Glucose.T30..mmol.l.	18.9	21.1	18.3	15.7	10.1	13.3	17.9	15	16.3	14.6	19.1	19.9	15	17.4	12.4	13	18.5	15.5	19.2	15	19.2	NA	18.1	18	14.8	17.6	18.4	22.2	16.6
Open.field.test...Time.Spent.in.the.Center.I1..cm.	4.4	21.2	25.6	8.5	13.1	10.5	10.7	6.1	13.4	9.1	16.4	14.8	4.9	9.2	10.7	12.2	8.9	8.8	14.1	12.2	14.1	14.1	14.3	12.6	20.3	14.6	16.1	8.7	10.3
Auditory.startle.reflex.reactivity.and.PPI...P1.PP70	145.4	798	293.8	660.6	614.3	538.4	362.8	287	167.3	617.8	1245.6	1258.4	165.1	574.6	278.7	150.8	185.6	433.2	902	94.4	1575.8	773.9	520.9	565.4	454.7	1008.4	83	233.9	555.3
Test.de.Tolérance.au.Glucose..GTT..Glucose.auc.positive..0.120...min.mg.dl.	11415	21120	14595	13890	8385	10035	14340	8333	15218	9713	15180	17348	8820	9360	6383	11753	10898	8805	11018	8438	16388	NA	19470	17213	8123	20003	10838	12120	13050
Open.field.test.Dist.I3..cm.	1833.6	1895.8	2046	1955.6	2542.6	1299.7	2305.6	2201.5	2506.2	1663.2	2481.5	2393.2	1768	1913.5	2164	1933.6	1710.4	2454	1801.2	2029.6	1451.2	2211.5	2261.6	2124.6	1869	2268.2	2393	1513.2	2237.7
Auditory.startle.reflex.reactivity.and.PPI...P1.PP75	91.3	397.5	147.9	318.5	288	531.2	350.7	140.1	105.8	539	690.1	695.7	109.3	584	186.1	111.9	118.2	269.9	679.3	58	965.8	488.3	493.2	396.5	347.5	923.8	48.4	232.4	345.7
Test.de.Tolérance.au.Glucose..GTT..Glucose.auc.positive..0.120...min.mmol.l.	628	1162	803	764	461	552	789	458	837	534	835	954	485	515	351	646	599	484	606	464	901	NA	1071	947	447	1100	596	667	718
Rotarod.test.Trial.2..s.	153	172	153	111	143	138	101	230	213	172	250	190	110	272	128	173	120	300	201	272	128	177	132	214	176	104	245	198	101
Test.de.Tolérance.au.Glucose..GTT..Glucose.T15..mg.dl.	385	378	330	289	251	249	373	308	341	392	389	338	353	315	309	381	381	400	337	307	318	NA	323	385	282	372	351	330	296
Clinical.chemistry.parameters.ASAT..U.l.	NA	78	NA	NA	170	96	NA	NA	NA	NA	116	109	150	111	96	113	138	74	136	NA	101	51	229	111	NA	82	180	153	143
Pavlovian.fear.conditioning.Freezing.Cue.1	86	28	54	30	86	82	24	46	64	116	42	8	72	72	78	52	68	94	42	58	88	2	28	80	2	34	42	114	18
Pavlovian.fear.conditioning.Freezing.....Cue.1	71.67	23.33	45	25	71.67	68.33	20	38.33	53.33	96.67	35	6.67	60	60	65	43.33	56.67	78.33	35	48.33	73.33	1.67	23.33	66.67	1.67	28.33	35	95	15
ECG.in.anaesthetized.conditions.RR..ms.	151.79	128.73	158.99	151.43	147.14	122.55	173.94	138.63	133.15	127.14	144.37	142.19	134.47	155.27	114.58	148.97	157.59	124.39	147.94	165.48	137.92	150.41	171.06	152.48	169.31	161.31	115.59	116.34	162.88
Pavlovian.fear.conditioning.context.freezing.con.3	74	6	44	68	74	42	10	20	28	104	26	12	28	50	64	80	88	52	28	30	22	2	12	60	8	24	38	74	10
Auditory.startle.reflex.reactivity.and.PPI...P1...PP70	56.66	48.56	60.12	25.51	18.88	29.72	55.85	60.34	32.16	34.65	22.46	5.84	52.64	29.53	48.6	78.44	20.82	11.63	8.52	34.94	8.11	29.85	36.42	15.99	54.2	24.58	66.44	52.57	44.69
Open.field.test.Number.of.Rearings.I3	26	39	33	49	39	14	55	40	36	14	45	55	39	17	26	18	34	44	27	37	24	75	52	38	26	61	35	32	40
Pavlovian.fear.conditioning.Freezing.....Con.3	61.67	5	36.67	56.67	61.67	35	8.33	16.67	23.33	86.67	21.67	10	23.33	41.67	53.33	66.67	73.33	43.33	23.33	25	18.33	1.67	10	50	6.67	20	31.67	61.67	8.33
Open.field.test.Permanence.Time.center..s.	162.8	156	188.2	199.2	147	84.6	249.6	86.2	241.6	75.4	170.8	131.6	120.8	158.2	126.4	170.4	128.8	120.2	187.4	178.2	123.4	199.8	167.4	124.2	200.4	156.4	193.6	100.4	124.2
Open.field.test.Permanence.Time.periphery..s.	1037.2	1044	1011.8	1000.8	1053	1115.4	950.4	1113.8	958.4	1124.6	1029.2	1068.4	1079.2	1041.8	1073.6	1029.6	1071.2	1079.8	1012.6	1021.8	1076.6	1000.2	1032.6	1075.8	999.6	1043.6	1006.4	1099.6	1075.8
Open.field.test.Resting.Time.center..s.	10.4	8	8.2	11.4	3.2	0.2	12.4	4.4	63.6	1	7.6	1.8	7.6	7.6	3.6	16.8	5.2	4.8	12.6	12.8	8.8	22.2	11.4	9	7.6	3.2	2.4	6.6	5.4
Eye.Morphology.OCT.left.corneal.thickness	NA	97	99	82	103	80	86	91	83	95	88	72	94	110	NA	NA	101	77	80	NA	87	101	NA	NA	NA	NA	NA	NA	NA
Test.de.Tolérance.au.Glucose..GTT..Glucose.T120..mg.dl.	73	173	119	122	106	78	107	82	90	80	127	113	77	79	107	106	96	92	87	87	127	NA	117	97	96	123	85	95	122
Open.field.test...distance.in.the.Center.I1..cm.	6.5	25.4	33.2	14	19.1	17.9	13.6	10.6	20.5	14	19.8	20.1	10.5	15.3	16.9	18.7	14.1	13.3	18.3	17.6	17.5	18.2	20.2	21	24.4	19	19.7	13.8	16
Auditory.startle.reflex.reactivity.and.PPI...P1.P70	23.2	30.7	27.8	21.1	26.7	14.9	28.5	24.4	25.5	35.3	19.7	21.7	16.8	35.7	29.2	20.2	27.8	20.6	15.4	25.1	20.3	25	20.6	28.8	30.4	20.2	40.9	21.7	20.7
Pavlovian.fear.conditioning.Freezing.conditioning.Hab.1	10	4	0	4	12	2	6	0	2	12	16	4	2	0	2	0	4	2	2	0	8	0	6	10	4	6	4	20	2
Pavlovian.fear.conditioning.Freezing.Cue.2	116	68	68	52	86	104	24	40	92	112	66	2	94	84	90	110	94	108	72	92	96	18	30	96	24	18	104	112	24
Echocardiography.using.the.Vevo.light.LV.Vol_d..uL.	55.02	105.31	84.91	77.91	77.09	65.01	73.13	75.3	60.17	70.62	105.99	98.09	74.51	82.61	73.76	84.5	78.91	97.65	73.53	69.48	83.17	117.01	83.24	66.67	49.18	80.13	68.35	72.94	78.91
Pavlovian.fear.conditioning.Freezing.....Cue.2	96.67	56.67	56.67	43.33	71.67	86.67	20	33.33	76.67	93.33	55	1.67	78.33	70	75	91.67	78.33	90	60	76.67	80	15	25	80	20	15	86.67	93.33	20
Open.field.test...distance.in.the.Center.glob...cm.	19.1	18.7	24.1	23.7	17.9	16.5	26.5	12.6	22.2	12.1	17.8	16.3	16.4	19.8	17.1	21.9	18.3	13.3	20.7	18.9	15.3	24.5	18.5	16	23.5	17.6	21.3	14.1	15.5
Test.de.Tolérance.au.Glucose..GTT..Glucose.T15..mmol.l.	21.2	20.8	18.1	15.9	13.8	13.7	20.5	16.9	18.8	21.6	21.4	18.6	19.4	17.3	17	21	21	22	18.5	16.9	17.5	NA	17.8	21.2	15.5	20.5	19.3	18.1	16.3
Clinical.chemistry.parameters.P.mg.dl..mg.dl.	6.72	4.27	4.46	5.26	7.15	8.7	6.63	7.12	7.49	7.22	4.52	7.37	6.44	7.28	6.57	7.46	7.59	NA	NA	NA	4.27	5.7	4.96	6.6	NA	3.84	8.05	7.68	5.02
Ultrafocus...Densitométrie.osseuse.et.composition.corporelle.BMD..mg.cm2.	54.39	66.64	55.93	58.65	61.08	58.25	56.54	62.65	59.77	61.55	59.01	60.82	57.87	61.57	61.07	60.95	60.68	54.92	60.51	60.92	64.05	68.27	59.55	55.69	55.77	58.92	61.45	58.39	57.74
Pavlovian.fear.conditioning.Freezing.Pre.cue.2	58	16	10	6	20	42	16	14	12	30	6	6	4	46	26	22	22	32	6	6	22	0	26	38	6	2	28	72	2
Open.field.test..Time.Spent.in.the.Center.glob	13.6	13	15.7	16.6	12.3	7	20.8	7.2	20.1	6.3	14.2	11	10.1	13.2	10.5	14.2	10.7	10	15.6	14.8	10.3	16.6	13.9	10.3	16.7	13	16.1	8.4	10.3
Haematology...Complete.blood.count..CBC.on.the.Advia.120.MCV..fL.	49.4	49.7	49.8	48.2	49.7	50.4	47.2	49.5	50.8	47.5	50.9	50.1	NA	48.6	49.3	49.3	NA	NA	49.6	NA	51.8	49.8	49.3	48.2	47.4	48.5	49.8	NA	48.5
ECG.in.anaesthetized.conditions.QRS..ms.	15.4	16.5	15	14.5	14.5	15.7	16.7	18.5	19.1	17	16.3	13.7	17.5	18	22.7	15.2	15.2	15.7	15.8	15.6	20.7	14.8	14.6	17.4	17.3	18.7	12.8	15.4	14.7
Clinical.chemistry.parameters.P..mmol.l.	2.17	1.38	1.44	1.7	2.31	2.81	2.14	2.3	2.42	2.33	1.46	2.38	2.08	2.35	2.12	2.41	2.45	NA	NA	NA	1.38	1.84	1.6	2.13	NA	1.24	2.6	2.48	1.62
Eye.Morphology.Body.weight..g.	21	30	25.1	26.6	23.4	23.4	25.4	22.4	21.7	22	28.4	28	23.6	22.8	22.5	21.8	22	22	21	21.5	29.5	30.3	26.5	28.2	27.2	25.2	23.2	21.7	26.8
Hot.plate.test.Body.weight..g.	21	30	25.1	26.6	23.4	23.4	25.4	22.4	21.7	22	28.4	28	23.6	22.8	22.5	21.8	22	22	21	21.5	29.5	30.3	26.5	28.2	27.2	25.2	23.2	21.7	26.8
Test.de.Tolérance.au.Glucose..GTT..Glucose.T120..mmol.l.	4	9.5	6.5	6.7	5.8	4.3	5.9	4.5	5	4.4	7	6.2	4.2	4.3	5.9	5.8	5.3	5.1	4.8	4.8	7	NA	6.4	5.3	5.3	6.8	4.7	5.2	6.7
Open.field.test.av..speed.periphery..cm.s.	9.13	8.61	9.26	8.77	10.15	9.38	8.79	9.52	10.11	8.83	10.43	10.03	8.48	9.2	9.21	9.19	9.49	10.31	9.44	9.85	8.27	9.27	9.34	8.76	8.99	9.29	9.99	8.28	9.62
Haematology...Complete.blood.count..CBC.on.the.Advia.120.NEUTRO..x10E03.cells.µL.	0.3	0.54	0.16	0.4	0.4	0.22	0.3	0.24	0.28	0.42	0.52	0.52	NA	0.32	0.24	0.4	NA	NA	0.26	NA	0.92	0.34	0.22	0.28	0.4	0.4	0.34	NA	0.54
Rotarod.test.Passive.rotation..T1.	1	1	2	1	1	2	1	2	2	2	2	1	1	2	2	1	2	1	2	2	1	1	2	2	2	1	2	1	1
Haematology...Complete.blood.count..CBC.on.the.Advia.120.RDW....	13.3	12.9	12.5	12.9	13.2	12.7	13.2	12.8	12.6	13.1	13.8	13.7	NA	13.4	13.1	12.8	NA	NA	13.5	NA	15.2	12.6	13.1	12.8	12.6	12.6	12.8	NA	12.5
Haematology...Complete.blood.count..CBC.on.the.Advia.120.EOSINO..x10E03.cells.µL.	0.16	0.14	0.02	0.2	0.3	0.1	0.24	0.04	0.2	0.14	0.16	0.44	NA	0.08	0.06	0.12	NA	NA	0.4	NA	0.18	0.1	0.16	0.06	0.46	0.32	0.16	NA	0.14
Haematology...Complete.blood.count..CBC.on.the.Advia.120.NEUTRO.BRUT..x10E03.cells.µL.	0.15	0.27	0.08	0.2	0.2	0.11	0.15	0.12	0.14	0.21	0.26	0.26	NA	0.16	0.12	0.2	NA	NA	0.13	NA	0.46	0.17	0.11	0.14	0.2	0.2	0.17	NA	0.27
Haematology...Complete.blood.count..CBC.on.the.Advia.120.MONO.BRUT..x10E03.cells.µL.	0.02	0.06	0.01	0.05	0.05	0.01	0.03	0.03	0.01	0.01	0.09	0.04	NA	0.03	0.02	0.04	NA	NA	0.04	NA	0.22	0.06	0.03	0.02	0.02	0.03	0.03	NA	0.05
Haematology...Complete.blood.count..CBC.on.the.Advia.120.EOSINO.BRUT..x10E03.cells.µL.	0.08	0.07	0.01	0.1	0.15	0.05	0.12	0.02	0.1	0.07	0.08	0.22	NA	0.04	0.03	0.06	NA	NA	0.2	NA	0.09	0.05	0.08	0.03	0.23	0.16	0.08	NA	0.07
Haematology...Complete.blood.count..CBC.on.the.Advia.120.LUC..x10E03.cells.µL.	0	0.02	0	0	0	0	0	0	0	0	0.04	0.04	NA	0	0	0.02	NA	NA	0.02	NA	0.04	0.04	0	0	0.02	0.04	0	NA	0.04
Echocardiography.using.the.Vevo.light.LVID_d..mm.	3.62	4.76	4.34	4.18	4.17	3.88	4.07	4.13	3.75	4.01	4.77	4.62	4.11	4.29	4.09	4.33	4.21	4.61	4.08	3.99	4.3	4.98	4.3	3.92	3.45	4.24	3.96	4.07	4.21
Anapath.A2.heart..g.	0.11	0.15	0.13	0.13	0.14	0.14	0.11	0.12	0.12	0.13	0.2	0.15	0.13	0.13	0.13	0.15	0.14	0.13	0.11	0.11	0.2	0.2	0.14	0.14	0.15	0.14	0.12	0.13	0.13
ECG.in.anaesthetized.conditions.HR..bpm.	395	466	377	396	408	490	345	433	451	472	416	422	446	386	524	403	381	482	406	363	435	399	351	393	354	372	519	516	368
Haematology...Complete.blood.count..CBC.on.the.Advia.120.LUC.BRUT..x10E03.cells.µL.	0	0.01	0	0	0	0	0	0	0	0	0.02	0.02	NA	0	0	0.01	NA	NA	0.01	NA	0.02	0.02	0	0	0.01	0.02	0	NA	0.02
Open.field.test.Number.of.Rearings.I2	24	53	33	57	32	40	54	45	38	31	66	68	31	31	24	30	35	45	36	55	30	55	75	36	30	57	44	46	48
Dysmorphology.IMPC.Transfer.arousal	2	1	1	1	2	2	1	1	1	1	1	1	1	1	1	1	1	1	1	1	2	2	2	1	1	1	1	1	1
Modified.SHIRPA.Transfer.arousal	2	1	1	1	2	2	1	1	1	1	1	1	1	1	1	1	1	1	1	1	2	2	2	1	1	1	1	1	1
Haematology...Complete.blood.count..CBC.on.the.Advia.120..EOSINO....	6.4	2.6	0.9	4.8	7.8	6.8	5.7	2	7.9	3.5	2.5	8.6	NA	3	2.2	2.2	NA	NA	10.9	NA	2.7	1.8	3.7	1.9	10	8	4.4	NA	2.2
Pavlovian.fear.conditioning.Freezing.conditioning.Hab.2	28	6	6	14	18	4	0	2	12	26	14	2	8	2	6	2	10	26	6	2	8	4	18	16	10	6	12	22	6
Ultrafocus...Densitométrie.osseuse.et.composition.corporelle.bone.area..cm2.	7.89	9.14	8.29	8.6	7.78	8.72	8.2	8.49	8.43	8.38	8.74	8.2	8.63	8.31	8.37	8.19	8.63	7.88	8.22	8.18	8.59	8.74	8.89	8.31	8.79	8.86	8.31	7.92	8.36
Rotarod.test.Trial.3..s.	91	137	142	101	180	256	173	223	212	175	298	244	126	280	169	141	196	300	222	205	123	158	201	234	243	79	257	185	81
Clinical.chemistry.parameters.T..Chol..mg.dl..mg.dl.	82.43	87.46	100.23	93.65	85.53	83.59	114.55	92.11	94.04	90.94	77.4	85.14	81.27	91.72	89.78	88.24	90.17	NA	71.59	NA	97.14	83.2	88.62	98.69	NA	103.72	81.66	98.69	95.59
Clinical.chemistry.parameters.Urea.mg.dl..mg.dl.	44.4	57	60.6	54.6	43.2	36.6	46.8	45	59.4	52.2	37.2	34.2	48.6	48.6	42.6	48	56.4	NA	NA	NA	37.2	54	46.2	43.2	NA	43.8	53.4	45	53.4
Clinical.chemistry.parameters.Blood.Urea.Nitrogen.mg.dl..mg.dl.	20.73	26.62	28.3	25.5	20.17	17.09	21.86	21.02	27.74	24.38	17.37	15.97	22.7	22.7	19.89	22.42	26.34	NA	NA	NA	17.37	25.22	21.58	20.17	NA	20.45	24.94	21.02	24.94
Ultrafocus...Densitométrie.osseuse.et.composition.corporelle.lean.weight..g.	17.07	22.16	18.97	19	19.28	18.49	18.15	17.63	17.13	17.15	20.74	21.04	18.22	17.82	18.06	17.29	18.01	17.33	16.77	16.98	24.76	24.79	19.87	16.85	19.28	18.8	17.39	16.61	19.9
Clinical.chemistry.parameters.Urea..mmol.l.	7.4	9.5	10.1	9.1	7.2	6.1	7.8	7.5	9.9	8.7	6.2	5.7	8.1	8.1	7.1	8	9.4	NA	NA	NA	6.2	9	7.7	7.2	NA	7.3	8.9	7.5	8.9
Clinical.chemistry.parameters.T..Chol...mmol.l.	2.13	2.26	2.59	2.42	2.21	2.16	2.96	2.38	2.43	2.35	2	2.2	2.1	2.37	2.32	2.28	2.33	NA	1.85	NA	2.51	2.15	2.29	2.55	NA	2.68	2.11	2.55	2.47
Ultrafocus...Densitométrie.osseuse.et.composition.corporelle.BMC..g.	0.43	0.61	0.46	0.5	0.48	0.51	0.46	0.53	0.5	0.52	0.52	0.5	0.5	0.51	0.51	0.5	0.52	0.43	0.5	0.5	0.55	0.6	0.53	0.46	0.49	0.52	0.51	0.46	0.48
Hot.plate.test.Hot.plate.1..s.	13.17	18.67	14.44	14.86	14.12	9.48	20.01	19.64	8.94	11.03	13.57	14.6	10.77	20.15	15.48	16.92	11.58	10.94	12.07	19.85	11.01	14.47	13.3	14.38	15.23	13.62	18.31	14.02	16.79
Open.field.test.Dist.I2..cm.	1834.1	2175.7	2339	1933.8	2659.3	1776.3	2227.1	2036.1	2314.8	1687.8	2665	2574.3	1782.5	2227	1993	1983.7	1951.1	2375.8	2101.2	2615.2	1947	2340.3	2300.2	1928.6	2312.6	2052.4	2346.3	1898.5	2304
Dysmorphology.IMPC.Startle.response	2	1	1	1	2	2	1	2	2	2	1	1	2	2	2	2	2	2	2	2	1	1	1	1	1	1	2	2	1
Modified.SHIRPA.Startle.response	2	1	1	1	2	2	1	2	2	2	1	1	2	2	2	2	2	2	2	2	1	1	1	1	1	1	2	2	1
Ultrafocus...Densitométrie.osseuse.et.composition.corporelle.BMD..g.cm2.	0.0544	0.0666	0.0559	0.0586	0.0611	0.0582	0.0565	0.0627	0.0598	0.0615	0.059	0.0608	0.0579	0.0616	0.0611	0.061	0.0607	0.0549	0.0605	0.0609	0.064	0.0683	0.0595	0.0557	0.0558	0.0589	0.0615	0.0584	0.0577
