variableMetadata	accession	description	uniprot_id
P01027_Complement C3	sp|P01027|CO3_MOUSE	Complement C3  OS=Mus musculus (Mouse) GN=C3 PE=1 SV=3	P01027
Q61838_Pregnancy zone protein	sp|Q61838|PZP_MOUSE	Pregnancy zone protein  OS=Mus musculus (Mouse) GN=Pzp PE=1 SV=3	Q61838
P28665_Murinoglobulin-1	sp|P28665|MUG1_MOUSE	Murinoglobulin-1  OS=Mus musculus (Mouse) GN=Mug1 PE=1 SV=3	P28665
P07724_Serum albumin	sp|P07724|ALBU_MOUSE	Serum albumin  OS=Mus musculus (Mouse) GN=Alb PE=1 SV=3	P07724
P11276_Fibronectin	sp|P11276|FINC_MOUSE	Fibronectin  OS=Mus musculus (Mouse) GN=Fn1 PE=1 SV=4	P11276
Q921I1_Serotransferrin	sp|Q921I1|TRFE_MOUSE	Serotransferrin  OS=Mus musculus (Mouse) GN=Tf PE=1 SV=1	Q921I1
Q61147_Ceruloplasmin	sp|Q61147|CERU_MOUSE	Ceruloplasmin  OS=Mus musculus (Mouse) GN=Cp PE=1 SV=2	Q61147
E9Q414_Apolipoprotein B-100	sp|E9Q414|APOB_MOUSE	Apolipoprotein B-100  OS=Mus musculus (Mouse) GN=Apob PE=1 SV=1	E9Q414
P06684_Complement C5	sp|P06684|CO5_MOUSE	Complement C5  OS=Mus musculus (Mouse) GN=C5 PE=1 SV=2	P06684
P21614_Vitamin D-binding protein	sp|P21614|VTDB_MOUSE	Vitamin D-binding protein  OS=Mus musculus (Mouse) GN=Gc PE=1 SV=2	P21614
P01029_Complement C4-B	sp|P01029|CO4B_MOUSE	Complement C4-B  OS=Mus musculus (Mouse) GN=C4b PE=1 SV=3	P01029
P20918_Plasminogen	sp|P20918|PLMN_MOUSE	Plasminogen  OS=Mus musculus (Mouse) GN=Plg PE=1 SV=3	P20918
P06909_Complement factor H	sp|P06909|CFAH_MOUSE	Complement factor H  OS=Mus musculus (Mouse) GN=Cfh PE=1 SV=2	P06909
Q8K0E8_Fibrinogen beta chain	sp|Q8K0E8|FIBB_MOUSE	Fibrinogen beta chain  OS=Mus musculus (Mouse) GN=Fgb PE=1 SV=1	Q8K0E8
A6X935_Inter alpha-trypsin inhi.	sp|A6X935|ITIH4_MOUSE	Inter alpha-trypsin inhibitor, heavy chain 4  OS=Mus musculus (Mouse) GN=Itih4 PE=1 SV=2	A6X935
P06728_Apolipoprotein A-IV	sp|P06728|APOA4_MOUSE	Apolipoprotein A-IV  OS=Mus musculus (Mouse) GN=Apoa4 PE=1 SV=3	P06728
P19221_Prothrombin	sp|P19221|THRB_MOUSE	Prothrombin  OS=Mus musculus (Mouse) GN=F2 PE=1 SV=1	P19221
E9PV24_Fibrinogen alpha chain	sp|E9PV24|FIBA_MOUSE	Fibrinogen alpha chain  OS=Mus musculus (Mouse) GN=Fga PE=1 SV=1	E9PV24
P28666_Murinoglobulin-2	sp|P28666|MUG2_MOUSE	Murinoglobulin-2  OS=Mus musculus (Mouse) GN=Mug2 PE=1 SV=2	P28666
P13020_Gelsolin	sp|P13020|GELS_MOUSE	Gelsolin  OS=Mus musculus (Mouse) GN=Gsn PE=1 SV=3	P13020
Q9DBD0_Inhibitor of carbonic an.	sp|Q9DBD0|ICA_MOUSE	Inhibitor of carbonic anhydrase  OS=Mus musculus (Mouse) GN=Ica PE=1 SV=1	Q9DBD0
Q61702_Inter-alpha-trypsin inhi.	sp|Q61702|ITIH1_MOUSE	Inter-alpha-trypsin inhibitor heavy chain H1  OS=Mus musculus (Mouse) GN=Itih1 PE=1 SV=2	Q61702
P26039_Talin-1	sp|P26039|TLN1_MOUSE	Talin-1  OS=Mus musculus (Mouse) GN=Tln1 PE=1 SV=2	P26039
P35441_Thrombospondin-1	sp|P35441|TSP1_MOUSE	Thrombospondin-1  OS=Mus musculus (Mouse) GN=Thbs1 PE=1 SV=1	P35441
P04186_Complement factor B	sp|P04186|CFAB_MOUSE	Complement factor B  OS=Mus musculus (Mouse) GN=Cfb PE=1 SV=2	P04186
O08677_Kininogen-1	sp|O08677|KNG1_MOUSE	Kininogen-1  OS=Mus musculus (Mouse) GN=Kng1 PE=1 SV=1	O08677
Q00897_Alpha-1-antitrypsin 1-4	sp|Q00897|A1AT4_MOUSE	Alpha-1-antitrypsin 1-4  OS=Mus musculus (Mouse) GN=Serpina1d PE=1 SV=1	Q00897
P22599_Alpha-1-antitrypsin 1-2	sp|P22599|A1AT2_MOUSE	Alpha-1-antitrypsin 1-2  OS=Mus musculus (Mouse) GN=Serpina1b PE=1 SV=2	P22599
Q00623_Apolipoprotein A-I	sp|Q00623|APOA1_MOUSE	Apolipoprotein A-I  OS=Mus musculus (Mouse) GN=Apoa1 PE=1 SV=2	Q00623
P32261_Antithrombin-III	sp|P32261|ANT3_MOUSE	Antithrombin-III  OS=Mus musculus (Mouse) GN=Serpinc1 PE=1 SV=1	P32261
Q61129_Complement factor I	sp|Q61129|CFAI_MOUSE	Complement factor I  OS=Mus musculus (Mouse) GN=Cfi PE=1 SV=3	Q61129
Q8BH35_Complement component C8 .	sp|Q8BH35|CO8B_MOUSE	Complement component C8 beta chain  OS=Mus musculus (Mouse) GN=C8b PE=1 SV=1	Q8BH35
Q91X72_Hemopexin	sp|Q91X72|HEMO_MOUSE	Hemopexin  OS=Mus musculus (Mouse) GN=Hpx PE=1 SV=2	Q91X72
O88783_Coagulation factor V	sp|O88783|FA5_MOUSE	Coagulation factor V  OS=Mus musculus (Mouse) GN=F5 PE=1 SV=1	O88783
P26262_Plasma kallikrein	sp|P26262|KLKB1_MOUSE	Plasma kallikrein  OS=Mus musculus (Mouse) GN=Klkb1 PE=1 SV=2	P26262
Q6GQT1_Alpha-2-macroglobulin-P	sp|Q6GQT1|A2MG_MOUSE	Alpha-2-macroglobulin-P  OS=Mus musculus (Mouse) GN=A2m PE=2 SV=2	Q6GQT1
P07758_Alpha-1-antitrypsin 1-1	sp|P07758|A1AT1_MOUSE	Alpha-1-antitrypsin 1-1  OS=Mus musculus (Mouse) GN=Serpina1a PE=1 SV=4	P07758
P23953_Carboxylesterase 1C	sp|P23953|EST1C_MOUSE	Carboxylesterase 1C  OS=Mus musculus (Mouse) GN=Ces1c PE=1 SV=4	P23953
Q61703_Inter-alpha-trypsin inhi.	sp|Q61703|ITIH2_MOUSE	Inter-alpha-trypsin inhibitor heavy chain H2  OS=Mus musculus (Mouse) GN=Itih2 PE=1 SV=1	Q61703
Q00898_Alpha-1-antitrypsin 1-5	sp|Q00898|A1AT5_MOUSE	Alpha-1-antitrypsin 1-5  OS=Mus musculus (Mouse) GN=Serpina1e PE=1 SV=1	Q00898
O89020_Afamin	sp|O89020|AFAM_MOUSE	Afamin  OS=Mus musculus (Mouse) GN=Afm PE=1 SV=2	O89020
Q8VCM7_Fibrinogen gamma chain	sp|Q8VCM7|FIBG_MOUSE	Fibrinogen gamma chain  OS=Mus musculus (Mouse) GN=Fgg PE=1 SV=1	Q8VCM7
P60710_Actin, cytoplasmic 1	sp|P60710|ACTB_MOUSE	Actin, cytoplasmic 1  OS=Mus musculus (Mouse) GN=Actb PE=1 SV=1	P60710
Q8K182_Complement component C8 .	sp|Q8K182|CO8A_MOUSE	Complement component C8 alpha chain  OS=Mus musculus (Mouse) GN=C8a PE=1 SV=1	Q8K182
P07759_Serine protease inhibito.	sp|P07759|SPA3K_MOUSE	Serine protease inhibitor A3K  OS=Mus musculus (Mouse) GN=Serpina3k PE=1 SV=2	P07759
Q06890_Clusterin	sp|Q06890|CLUS_MOUSE	Clusterin  OS=Mus musculus (Mouse) GN=Clu PE=1 SV=1	Q06890
P42703_Leukemia inhibitory fact.	sp|P42703|LIFR_MOUSE	Leukemia inhibitory factor receptor  OS=Mus musculus (Mouse) GN=Lifr PE=1 SV=1	P42703
Q19LI2_Alpha-1B-glycoprotein	sp|Q19LI2|A1BG_MOUSE	Alpha-1B-glycoprotein  OS=Mus musculus (Mouse) GN=A1bg PE=1 SV=1	Q19LI2
O70362_Phosphatidylinositol-gly.	sp|O70362|PHLD_MOUSE	Phosphatidylinositol-glycan-specific phospholipase D  OS=Mus musculus (Mouse) GN=Gpld1 PE=1 SV=1	O70362
P06683_Complement component C9	sp|P06683|CO9_MOUSE	Complement component C9  OS=Mus musculus (Mouse) GN=C9 PE=1 SV=2	P06683
Q61704_Inter-alpha-trypsin inhi.	sp|Q61704|ITIH3_MOUSE	Inter-alpha-trypsin inhibitor heavy chain H3  OS=Mus musculus (Mouse) GN=Itih3 PE=1 SV=3	Q61704
Q03734_Serine protease inhibito.	sp|Q03734|SPA3M_MOUSE	Serine protease inhibitor A3M  OS=Mus musculus (Mouse) GN=Serpina3m PE=1 SV=2	Q03734
Q01339_Beta-2-glycoprotein 1	sp|Q01339|APOH_MOUSE	Beta-2-glycoprotein 1  OS=Mus musculus (Mouse) GN=Apoh PE=1 SV=1	Q01339
P01872_Immunoglobulin heavy con.	sp|P01872|IGHM_MOUSE	Immunoglobulin heavy constant mu  OS=Mus musculus (Mouse) GN=Ighm PE=1 SV=2	P01872
P29699_Alpha-2-HS-glycoprotein	sp|P29699|FETUA_MOUSE	Alpha-2-HS-glycoprotein  OS=Mus musculus (Mouse) GN=Ahsg PE=1 SV=1	P29699
Q8BH61_Coagulation factor XIII .	sp|Q8BH61|F13A_MOUSE	Coagulation factor XIII A chain  OS=Mus musculus (Mouse) GN=F13a1 PE=1 SV=3	Q8BH61
Q8CG14_Complement C1s-A subcomp.	sp|Q8CG14|CS1A_MOUSE	Complement C1s-A subcomponent  OS=Mus musculus (Mouse) GN=C1sa PE=2 SV=2	Q8CG14
P01867_Ig gamma-2B chain C regi.	sp|P01867|IGG2B_MOUSE	Ig gamma-2B chain C region  OS=Mus musculus (Mouse) GN=Igh-3 PE=1 SV=3	P01867
Q91WP6_Serine protease inhibito.	sp|Q91WP6|SPA3N_MOUSE	Serine protease inhibitor A3N  OS=Mus musculus (Mouse) GN=Serpina3n PE=1 SV=1	Q91WP6
P63017_Heat shock cognate 71 kD.	sp|P63017|HSP7C_MOUSE	Heat shock cognate 71 kDa protein  OS=Mus musculus (Mouse) GN=Hspa8 PE=1 SV=1	P63017
Q9DBB9_Carboxypeptidase N subun.	sp|Q9DBB9|CPN2_MOUSE	Carboxypeptidase N subunit 2  OS=Mus musculus (Mouse) GN=Cpn2 PE=1 SV=2	Q9DBB9
P02088_Hemoglobin subunit beta-1	sp|P02088|HBB1_MOUSE	Hemoglobin subunit beta-1  OS=Mus musculus (Mouse) GN=Hbb-b1 PE=1 SV=2	P02088
P08226_Apolipoprotein E	sp|P08226|APOE_MOUSE	Apolipoprotein E  OS=Mus musculus (Mouse) GN=Apoe PE=1 SV=2	P08226
P21180_Complement C2	sp|P21180|CO2_MOUSE	Complement C2  OS=Mus musculus (Mouse) GN=C2 PE=1 SV=2	P21180
Q8BND5_Sulfhydryl oxidase 1	sp|Q8BND5|QSOX1_MOUSE	Sulfhydryl oxidase 1  OS=Mus musculus (Mouse) GN=Qsox1 PE=1 SV=1	Q8BND5
Q60590_Alpha-1-acid glycoprotei.	sp|Q60590|A1AG1_MOUSE	Alpha-1-acid glycoprotein 1  OS=Mus musculus (Mouse) GN=Orm1 PE=1 SV=1	Q60590
P03987_Ig gamma-3 chain C region	sp|P03987|IGHG3_MOUSE	Ig gamma-3 chain C region  OS=Mus musculus (Mouse) PE=1 SV=2	P03987
Q61247_Alpha-2-antiplasmin	sp|Q61247|A2AP_MOUSE	Alpha-2-antiplasmin  OS=Mus musculus (Mouse) GN=Serpinf2 PE=1 SV=1	Q61247
Q8VDD5_Myosin-9	sp|Q8VDD5|MYH9_MOUSE	Myosin-9  OS=Mus musculus (Mouse) GN=Myh9 PE=1 SV=4	Q8VDD5
P52480_Pyruvate kinase PKM	sp|P52480|KPYM_MOUSE	Pyruvate kinase PKM  OS=Mus musculus (Mouse) GN=Pkm PE=1 SV=4	P52480
P97290_Plasma protease C1 inhib.	sp|P97290|IC1_MOUSE	Plasma protease C1 inhibitor  OS=Mus musculus (Mouse) GN=Serping1 PE=1 SV=3	P97290
Q8VCG4_Complement component C8 .	sp|Q8VCG4|CO8G_MOUSE	Complement component C8 gamma chain  OS=Mus musculus (Mouse) GN=C8g PE=1 SV=1	Q8VCG4
P01898_H-2 class I histocompati.	sp|P01898|HA10_MOUSE	H-2 class I histocompatibility antigen, Q10 alpha chain  OS=Mus musculus (Mouse) GN=H2-Q10 PE=1 SV=3	P01898
Q9JJN5_Carboxypeptidase N catal.	sp|Q9JJN5|CBPN_MOUSE	Carboxypeptidase N catalytic chain  OS=Mus musculus (Mouse) GN=Cpn1 PE=1 SV=1	Q9JJN5
P49182_Heparin cofactor 2	sp|P49182|HEP2_MOUSE	Heparin cofactor 2  OS=Mus musculus (Mouse) GN=Serpind1 PE=1 SV=1	P49182
Q8CG16_Complement C1r-A subcomp.	sp|Q8CG16|C1RA_MOUSE	Complement C1r-A subcomponent  OS=Mus musculus (Mouse) GN=C1ra PE=1 SV=1	Q8CG16
P70389_Insulin-like growth fact.	sp|P70389|ALS_MOUSE	Insulin-like growth factor-binding protein complex acid labile subunit  OS=Mus musculus (Mouse) GN=Igfals PE=1 SV=1	P70389
Q64726_Zinc-alpha-2-glycoprotein	sp|Q64726|ZA2G_MOUSE	Zinc-alpha-2-glycoprotein  OS=Mus musculus (Mouse) GN=Azgp1 PE=1 SV=2	Q64726
Q07456_Protein AMBP	sp|Q07456|AMBP_MOUSE	Protein AMBP  OS=Mus musculus (Mouse) GN=Ambp PE=1 SV=2	Q07456
Q8R121_Protein Z-dependent prot.	sp|Q8R121|ZPI_MOUSE	Protein Z-dependent protease inhibitor  OS=Mus musculus (Mouse) GN=Serpina10 PE=1 SV=1	Q8R121
P11589_Major urinary protein 2	sp|P11589|MUP2_MOUSE	Major urinary protein 2  OS=Mus musculus (Mouse) GN=Mup2 PE=1 SV=1	P11589
P52430_Serum paraoxonase/aryles.	sp|P52430|PON1_MOUSE	Serum paraoxonase/arylesterase 1  OS=Mus musculus (Mouse) GN=Pon1 PE=1 SV=2	P52430
Q9QXC1_Fetuin-B	sp|Q9QXC1|FETUB_MOUSE	Fetuin-B  OS=Mus musculus (Mouse) GN=Fetub PE=1 SV=1	Q9QXC1
P03953_Complement factor D	sp|P03953|CFAD_MOUSE	Complement factor D  OS=Mus musculus (Mouse) GN=Cfd PE=1 SV=1	P03953
Q06770_Corticosteroid-binding g.	sp|Q06770|CBG_MOUSE	Corticosteroid-binding globulin  OS=Mus musculus (Mouse) GN=Serpina6 PE=1 SV=1	Q06770
Q8CIZ8_von Willebrand factor	sp|Q8CIZ8|VWF_MOUSE	von Willebrand factor  OS=Mus musculus (Mouse) GN=Vwf PE=1 SV=2	Q8CIZ8
P98064_Mannan-binding lectin se.	sp|P98064|MASP1_MOUSE	Mannan-binding lectin serine protease 1  OS=Mus musculus (Mouse) GN=Masp1 PE=1 SV=2	P98064
Q8BTM8_Filamin-A	sp|Q8BTM8|FLNA_MOUSE	Filamin-A  OS=Mus musculus (Mouse) GN=Flna PE=1 SV=5	Q8BTM8
Q01279_Epidermal growth factor .	sp|Q01279|EGFR_MOUSE	Epidermal growth factor receptor  OS=Mus musculus (Mouse) GN=Egfr PE=1 SV=1	Q01279
P05213_Tubulin alpha-1B chain	sp|P05213|TBA1B_MOUSE	Tubulin alpha-1B chain  OS=Mus musculus (Mouse) GN=Tuba1b PE=1 SV=2	P05213
P51885_Lumican	sp|P51885|LUM_MOUSE	Lumican  OS=Mus musculus (Mouse) GN=Lum PE=1 SV=2	P51885
Q9ESB3_Histidine-rich glycoprot.	sp|Q9ESB3|HRG_MOUSE	Histidine-rich glycoprotein  OS=Mus musculus (Mouse) GN=Hrg PE=1 SV=2	Q9ESB3
P01868_Ig gamma-1 chain C regio.	sp|P01868|IGHG1_MOUSE	Ig gamma-1 chain C region secreted form  OS=Mus musculus (Mouse) GN=Ighg1 PE=1 SV=1	P01868
P97298_Pigment epithelium-deriv.	sp|P97298|PEDF_MOUSE	Pigment epithelium-derived factor  OS=Mus musculus (Mouse) GN=Serpinf1 PE=1 SV=2	P97298
2655975682_LSMBO IPHC BiognosysiRT-.	sp|2655975682|BiognosysiRT-Kit_WR_fusion	LSMBO IPHC BiognosysiRT-Kit_WR_fusion	2655975682
P01837_Immunoglobulin kappa con.	sp|P01837|IGKC_MOUSE	Immunoglobulin kappa constant  OS=Mus musculus (Mouse) GN=Igkc PE=1 SV=2	P01837
P00920_Carbonic anhydrase 2	sp|P00920|CAH2_MOUSE	Carbonic anhydrase 2  OS=Mus musculus (Mouse) GN=Ca2 PE=1 SV=4	P00920
P01864_Ig gamma-2A chain C regi.	sp|P01864|GCAB_MOUSE	Ig gamma-2A chain C region secreted form  OS=Mus musculus (Mouse) PE=1 SV=1	P01864
Q61646_Haptoglobin	sp|Q61646|HPT_MOUSE	Haptoglobin  OS=Mus musculus (Mouse) GN=Hp PE=1 SV=1	Q61646
P16858_Glyceraldehyde-3-phospha.	sp|P16858|G3P_MOUSE	Glyceraldehyde-3-phosphate dehydrogenase  OS=Mus musculus (Mouse) GN=Gapdh PE=1 SV=2	P16858
P00687_Alpha-amylase 1	sp|P00687|AMY1_MOUSE	Alpha-amylase 1  OS=Mus musculus (Mouse) GN=Amy1 PE=1 SV=2	P00687
Q07968_Coagulation factor XIII .	sp|Q07968|F13B_MOUSE	Coagulation factor XIII B chain  OS=Mus musculus (Mouse) GN=F13b PE=1 SV=2	Q07968
Q62009_Periostin	sp|Q62009|POSTN_MOUSE	Periostin  OS=Mus musculus (Mouse) GN=Postn PE=1 SV=2	Q62009
P09813_Apolipoprotein A-II	sp|P09813|APOA2_MOUSE	Apolipoprotein A-II  OS=Mus musculus (Mouse) GN=Apoa2 PE=1 SV=2	P09813
P41317_Mannose-binding protein C	sp|P41317|MBL2_MOUSE	Mannose-binding protein C  OS=Mus musculus (Mouse) GN=Mbl2 PE=1 SV=2	P41317
P68033_Actin, alpha cardiac mus.	sp|P68033|ACTC_MOUSE	Actin, alpha cardiac muscle 1  OS=Mus musculus (Mouse) GN=Actc1 PE=1 SV=1	P68033
P01942_Hemoglobin subunit alpha	sp|P01942|HBA_MOUSE	Hemoglobin subunit alpha  OS=Mus musculus (Mouse) GN=Hba PE=1 SV=2	P01942
O88947_Coagulation factor X	sp|O88947|FA10_MOUSE	Coagulation factor X  OS=Mus musculus (Mouse) GN=F10 PE=1 SV=1	O88947
P10605_Cathepsin B	sp|P10605|CATB_MOUSE	Cathepsin B  OS=Mus musculus (Mouse) GN=Ctsb PE=1 SV=2	P10605
Q64727_Vinculin	sp|Q64727|VINC_MOUSE	Vinculin  OS=Mus musculus (Mouse) GN=Vcl PE=1 SV=4	Q64727
P01878_Ig alpha chain C region	sp|P01878|IGHA_MOUSE	Ig alpha chain C region  OS=Mus musculus (Mouse) PE=1 SV=1	P01878
Q9JHH6_Carboxypeptidase B2	sp|Q9JHH6|CBPB2_MOUSE	Carboxypeptidase B2  OS=Mus musculus (Mouse) GN=Cpb2 PE=1 SV=1	Q9JHH6
Q91WP0_Mannan-binding lectin se.	sp|Q91WP0|MASP2_MOUSE	Mannan-binding lectin serine protease 2  OS=Mus musculus (Mouse) GN=Masp2 PE=1 SV=1	Q91WP0
P68368_Tubulin alpha-4A chain	sp|P68368|TBA4A_MOUSE	Tubulin alpha-4A chain  OS=Mus musculus (Mouse) GN=Tuba4a PE=1 SV=1	P68368
P29788_Vitronectin	sp|P29788|VTNC_MOUSE	Vitronectin  OS=Mus musculus (Mouse) GN=Vtn PE=1 SV=2	P29788
P24270_Catalase	sp|P24270|CATA_MOUSE	Catalase  OS=Mus musculus (Mouse) GN=Cat PE=1 SV=4	P24270
P11859_Angiotensinogen	sp|P11859|ANGT_MOUSE	Angiotensinogen  OS=Mus musculus (Mouse) GN=Agt PE=1 SV=1	P11859
Q61730_Interleukin-1 receptor a.	sp|Q61730|IL1AP_MOUSE	Interleukin-1 receptor accessory protein  OS=Mus musculus (Mouse) GN=Il1rap PE=1 SV=1	Q61730
Q00724_Retinol-binding protein 4	sp|Q00724|RET4_MOUSE	Retinol-binding protein 4  OS=Mus musculus (Mouse) GN=Rbp4 PE=1 SV=2	Q00724
Q9R098_Hepatocyte growth factor.	sp|Q9R098|HGFA_MOUSE	Hepatocyte growth factor activator  OS=Mus musculus (Mouse) GN=Hgfac PE=1 SV=1	Q9R098
P20029_Endoplasmic reticulum ch.	sp|P20029|BIP_MOUSE	Endoplasmic reticulum chaperone BiP  OS=Mus musculus (Mouse) GN=Hspa5 PE=1 SV=3	P20029
P14847_C-reactive protein	sp|P14847|CRP_MOUSE	C-reactive protein  OS=Mus musculus (Mouse) GN=Crp PE=1 SV=2	P14847
P05064_Fructose-bisphosphate al.	sp|P05064|ALDOA_MOUSE	Fructose-bisphosphate aldolase A  OS=Mus musculus (Mouse) GN=Aldoa PE=1 SV=2	P05064
A2AEP0_Odorant-binding protein .	sp|A2AEP0|OBP1B_MOUSE	Odorant-binding protein 1b  OS=Mus musculus (Mouse) GN=Obp1b PE=1 SV=1	A2AEP0
P13634_Carbonic anhydrase 1	sp|P13634|CAH1_MOUSE	Carbonic anhydrase 1  OS=Mus musculus (Mouse) GN=Ca1 PE=1 SV=4	P13634
P07309_Transthyretin	sp|P07309|TTHY_MOUSE	Transthyretin  OS=Mus musculus (Mouse) GN=Ttr PE=1 SV=1	P07309
Q61508_Extracellular matrix pro.	sp|Q61508|ECM1_MOUSE	Extracellular matrix protein 1  OS=Mus musculus (Mouse) GN=Ecm1 PE=1 SV=2	Q61508
P33587_Vitamin K-dependent prot.	sp|P33587|PROC_MOUSE	Vitamin K-dependent protein C  OS=Mus musculus (Mouse) GN=Proc PE=1 SV=2	P33587
O35930_Platelet glycoprotein Ib.	sp|O35930|GP1BA_MOUSE	Platelet glycoprotein Ib alpha chain  OS=Mus musculus (Mouse) GN=Gp1ba PE=1 SV=2	O35930
Q62351_Transferrin receptor pro.	sp|Q62351|TFR1_MOUSE	Transferrin receptor protein 1  OS=Mus musculus (Mouse) GN=Tfrc PE=1 SV=1	Q62351
P11680_Properdin	sp|P11680|PROP_MOUSE	Properdin  OS=Mus musculus (Mouse) GN=Cfp PE=2 SV=2	P11680
P07310_Creatine kinase M-type	sp|P07310|KCRM_MOUSE	Creatine kinase M-type  OS=Mus musculus (Mouse) GN=Ckm PE=1 SV=1	P07310
Q8VCS0_N-acetylmuramoyl-L-alani.	sp|Q8VCS0|PGRP2_MOUSE	N-acetylmuramoyl-L-alanine amidase  OS=Mus musculus (Mouse) GN=Pglyrp2 PE=1 SV=1	Q8VCS0
Q61171_Peroxiredoxin-2	sp|Q61171|PRDX2_MOUSE	Peroxiredoxin-2  OS=Mus musculus (Mouse) GN=Prdx2 PE=1 SV=3	Q61171
P29621_Serine protease inhibito.	sp|P29621|SPA3C_MOUSE	Serine protease inhibitor A3C  OS=Mus musculus (Mouse) GN=Serpina3c PE=2 SV=1	P29621
P17182_Alpha-enolase	sp|P17182|ENOA_MOUSE	Alpha-enolase  OS=Mus musculus (Mouse) GN=Eno1 PE=1 SV=3	P17182
P06330_Ig heavy chain V region .	sp|P06330|HVM51_MOUSE	Ig heavy chain V region AC38 205.12  OS=Mus musculus (Mouse) PE=1 SV=1	P06330
P17742_Peptidyl-prolyl cis-tran.	sp|P17742|PPIA_MOUSE	Peptidyl-prolyl cis-trans isomerase A  OS=Mus musculus (Mouse) GN=Ppia PE=1 SV=2	P17742
P70274_Selenoprotein P	sp|P70274|SEPP1_MOUSE	Selenoprotein P  OS=Mus musculus (Mouse) GN=Selenop PE=1 SV=3	P70274
P09470_Angiotensin-converting e.	sp|P09470|ACE_MOUSE	Angiotensin-converting enzyme  OS=Mus musculus (Mouse) GN=Ace PE=1 SV=3	P09470
Q8CFG8_Complement C1s-B subcomp.	sp|Q8CFG8|CS1B_MOUSE	Complement C1s-B subcomponent  OS=Mus musculus (Mouse) GN=C1sb PE=2 SV=1	Q8CFG8
P46412_Glutathione peroxidase 3	sp|P46412|GPX3_MOUSE	Glutathione peroxidase 3  OS=Mus musculus (Mouse) GN=Gpx3 PE=1 SV=2	P46412
P16301_Phosphatidylcholine-ster.	sp|P16301|LCAT_MOUSE	Phosphatidylcholine-sterol acyltransferase  OS=Mus musculus (Mouse) GN=Lcat PE=1 SV=2	P16301
P15327_Bisphosphoglycerate muta.	sp|P15327|PMGE_MOUSE	Bisphosphoglycerate mutase  OS=Mus musculus (Mouse) GN=Bpgm PE=1 SV=2	P15327
O88968_Transcobalamin-2	sp|O88968|TCO2_MOUSE	Transcobalamin-2  OS=Mus musculus (Mouse) GN=Tcn2 PE=1 SV=1	O88968
P31532_Serum amyloid A-4 protein	sp|P31532|SAA4_MOUSE	Serum amyloid A-4 protein  OS=Mus musculus (Mouse) GN=Saa4 PE=1 SV=2	P31532
P55065_Phospholipid transfer pr.	sp|P55065|PLTP_MOUSE	Phospholipid transfer protein  OS=Mus musculus (Mouse) GN=Pltp PE=1 SV=1	P55065
P08607_C4b-binding protein	sp|P08607|C4BPA_MOUSE	C4b-binding protein  OS=Mus musculus (Mouse) GN=C4bpa PE=1 SV=3	P08607
P21550_Beta-enolase	sp|P21550|ENOB_MOUSE	Beta-enolase  OS=Mus musculus (Mouse) GN=Eno3 PE=1 SV=3	P21550
P11087_Collagen alpha-1(I) chain	sp|P11087|CO1A1_MOUSE	Collagen alpha-1(I) chain  OS=Mus musculus (Mouse) GN=Col1a1 PE=1 SV=4	P11087
Q03311_Cholinesterase	sp|Q03311|CHLE_MOUSE	Cholinesterase  OS=Mus musculus (Mouse) GN=Bche PE=1 SV=2	Q03311
Q80YC5_Coagulation factor XII	sp|Q80YC5|FA12_MOUSE	Coagulation factor XII  OS=Mus musculus (Mouse) GN=F12 PE=1 SV=2	Q80YC5
Q8BPB5_EGF-containing fibulin-l.	sp|Q8BPB5|FBLN3_MOUSE	EGF-containing fibulin-like extracellular matrix protein 1  OS=Mus musculus (Mouse) GN=Efemp1 PE=1 SV=1	Q8BPB5
Q8K0D2_Hyaluronan-binding prote.	sp|Q8K0D2|HABP2_MOUSE	Hyaluronan-binding protein 2  OS=Mus musculus (Mouse) GN=Habp2 PE=1 SV=2	Q8K0D2
P07361_Alpha-1-acid glycoprotei.	sp|P07361|A1AG2_MOUSE	Alpha-1-acid glycoprotein 2  OS=Mus musculus (Mouse) GN=Orm2 PE=1 SV=1	P07361
P09581_Macrophage colony-stimul.	sp|P09581|CSF1R_MOUSE	Macrophage colony-stimulating factor 1 receptor  OS=Mus musculus (Mouse) GN=Csf1r PE=1 SV=3	P09581
P39039_Mannose-binding protein A	sp|P39039|MBL1_MOUSE	Mannose-binding protein A  OS=Mus musculus (Mouse) GN=Mbl1 PE=1 SV=1	P39039
Q9QWK4_CD5 antigen-like	sp|Q9QWK4|CD5L_MOUSE	CD5 antigen-like  OS=Mus musculus (Mouse) GN=Cd5l PE=1 SV=3	Q9QWK4
O09131_Glutathione S-transferas.	sp|O09131|GSTO1_MOUSE	Glutathione S-transferase omega-1  OS=Mus musculus (Mouse) GN=Gsto1 PE=1 SV=2	O09131
P10126_Elongation factor 1-alph.	sp|P10126|EF1A1_MOUSE	Elongation factor 1-alpha 1  OS=Mus musculus (Mouse) GN=Eef1a1 PE=1 SV=3	P10126
O70165_Ficolin-1	sp|O70165|FCN1_MOUSE	Ficolin-1  OS=Mus musculus (Mouse) GN=Fcn1 PE=1 SV=1	O70165
Q8BK48_Pyrethroid hydrolase Ces.	sp|Q8BK48|EST2E_MOUSE	Pyrethroid hydrolase Ces2e  OS=Mus musculus (Mouse) GN=Ces2e PE=1 SV=1	Q8BK48
P01638_Ig kappa chain V-V regio.	sp|P01638|KV5A6_MOUSE	Ig kappa chain V-V region L6  OS=Mus musculus (Mouse) PE=4 SV=1	P01638
Q08761_Vitamin K-dependent prot.	sp|Q08761|PROS_MOUSE	Vitamin K-dependent protein S  OS=Mus musculus (Mouse) GN=Pros1 PE=2 SV=1	Q08761
Q61233_Plastin-2	sp|Q61233|PLSL_MOUSE	Plastin-2  OS=Mus musculus (Mouse) GN=Lcp1 PE=1 SV=4	Q61233
Q923D2_Flavin reductase (NADPH)	sp|Q923D2|BLVRB_MOUSE	Flavin reductase (NADPH)  OS=Mus musculus (Mouse) GN=Blvrb PE=1 SV=3	Q923D2
Q9D3H2_Odorant-binding protein .	sp|Q9D3H2|OBP1A_MOUSE	Odorant-binding protein 1a  OS=Mus musculus (Mouse) GN=Obp1a PE=1 SV=2	Q9D3H2
Q8K1B8_Fermitin family homolog 3	sp|Q8K1B8|URP2_MOUSE	Fermitin family homolog 3  OS=Mus musculus (Mouse) GN=Fermt3 PE=1 SV=1	Q8K1B8
P16294_Coagulation factor IX	sp|P16294|FA9_MOUSE	Coagulation factor IX  OS=Mus musculus (Mouse) GN=F9 PE=2 SV=3	P16294
P63101_14-3-3 protein zeta/delta	sp|P63101|1433Z_MOUSE	14-3-3 protein zeta/delta  OS=Mus musculus (Mouse) GN=Ywhaz PE=1 SV=1	P63101
P26928_Hepatocyte growth factor.	sp|P26928|HGFL_MOUSE	Hepatocyte growth factor-like protein  OS=Mus musculus (Mouse) GN=Mst1 PE=2 SV=2	P26928
P29533_Vascular cell adhesion p.	sp|P29533|VCAM1_MOUSE	Vascular cell adhesion protein 1  OS=Mus musculus (Mouse) GN=Vcam1 PE=1 SV=1	P29533
P17751_Triosephosphate isomerase	sp|P17751|TPIS_MOUSE	Triosephosphate isomerase  OS=Mus musculus (Mouse) GN=Tpi1 PE=1 SV=4	P17751
P62962_Profilin-1	sp|P62962|PROF1_MOUSE	Profilin-1  OS=Mus musculus (Mouse) GN=Pfn1 PE=1 SV=2	P62962
P14106_Complement C1q subcompon.	sp|P14106|C1QB_MOUSE	Complement C1q subcomponent subunit B  OS=Mus musculus (Mouse) GN=C1qb PE=1 SV=2	P14106
P01843_Ig lambda-1 chain C regi.	sp|P01843|LAC1_MOUSE	Ig lambda-1 chain C region  OS=Mus musculus (Mouse) PE=1 SV=1	P01843
P39876_Metalloproteinase inhibi.	sp|P39876|TIMP3_MOUSE	Metalloproteinase inhibitor 3  OS=Mus musculus (Mouse) GN=Timp3 PE=1 SV=1	P39876
P01899_H-2 class I histocompati.	sp|P01899|HA11_MOUSE	H-2 class I histocompatibility antigen, D-B alpha chain  OS=Mus musculus (Mouse) GN=H2-D1 PE=1 SV=2	P01899
P33622_Apolipoprotein C-III	sp|P33622|APOC3_MOUSE	Apolipoprotein C-III  OS=Mus musculus (Mouse) GN=Apoc3 PE=1 SV=2	P33622
P32848_Parvalbumin alpha	sp|P32848|PRVA_MOUSE	Parvalbumin alpha  OS=Mus musculus (Mouse) GN=Pvalb PE=1 SV=3	P32848
A2AQ07_Tubulin beta-1 chain	sp|A2AQ07|TBB1_MOUSE	Tubulin beta-1 chain  OS=Mus musculus (Mouse) GN=Tubb1 PE=1 SV=1	A2AQ07
Q01853_Transitional endoplasmic.	sp|Q01853|TERA_MOUSE	Transitional endoplasmic reticulum ATPase  OS=Mus musculus (Mouse) GN=Vcp PE=1 SV=4	Q01853
Q8CIF4_Biotinidase	sp|Q8CIF4|BTD_MOUSE	Biotinidase  OS=Mus musculus (Mouse) GN=Btd PE=1 SV=2	Q8CIF4
Q9CQW3_Vitamin K-dependent prot.	sp|Q9CQW3|PROZ_MOUSE	Vitamin K-dependent protein Z  OS=Mus musculus (Mouse) GN=Proz PE=1 SV=1	Q9CQW3
P43025_Tetranectin	sp|P43025|TETN_MOUSE	Tetranectin  OS=Mus musculus (Mouse) GN=Clec3b PE=1 SV=2	P43025
P35917_Vascular endothelial gro.	sp|P35917|VGFR3_MOUSE	Vascular endothelial growth factor receptor 3  OS=Mus musculus (Mouse) GN=Flt4 PE=1 SV=1	P35917
P99024_Tubulin beta-5 chain	sp|P99024|TBB5_MOUSE	Tubulin beta-5 chain  OS=Mus musculus (Mouse) GN=Tubb5 PE=1 SV=1	P99024
P68372_Tubulin beta-4B chain	sp|P68372|TBB4B_MOUSE	Tubulin beta-4B chain  OS=Mus musculus (Mouse) GN=Tubb4b PE=1 SV=1	P68372
P09411_Phosphoglycerate kinase 1	sp|P09411|PGK1_MOUSE	Phosphoglycerate kinase 1  OS=Mus musculus (Mouse) GN=Pgk1 PE=1 SV=4	P09411
P04247_Myoglobin	sp|P04247|MYG_MOUSE	Myoglobin  OS=Mus musculus (Mouse) GN=Mb PE=1 SV=3	P04247
P01647_Ig kappa chain V-V regio.	sp|P01647|KV5AE_MOUSE	Ig kappa chain V-V region HP 124E1  OS=Mus musculus (Mouse) PE=1 SV=1	P01647
P01654_Ig kappa chain V-III reg.	sp|P01654|KV3A1_MOUSE	Ig kappa chain V-III region PC 2880/PC 1229  OS=Mus musculus (Mouse) PE=1 SV=1	P01654
P01592_Immunoglobulin J chain	sp|P01592|IGJ_MOUSE	Immunoglobulin J chain  OS=Mus musculus (Mouse) GN=Jchain PE=1 SV=4	P01592
P70663_SPARC-like protein 1	sp|P70663|SPRL1_MOUSE	SPARC-like protein 1  OS=Mus musculus (Mouse) GN=Sparcl1 PE=1 SV=3	P70663
O08709_Peroxiredoxin-6	sp|O08709|PRDX6_MOUSE	Peroxiredoxin-6  OS=Mus musculus (Mouse) GN=Prdx6 PE=1 SV=3	O08709
P01887_Beta-2-microglobulin	sp|P01887|B2MG_MOUSE	Beta-2-microglobulin  OS=Mus musculus (Mouse) GN=B2m PE=1 SV=2	P01887
Q9WVJ3_Carboxypeptidase Q	sp|Q9WVJ3|CBPQ_MOUSE	Carboxypeptidase Q  OS=Mus musculus (Mouse) GN=Cpq PE=1 SV=1	Q9WVJ3
P16675_Lysosomal protective pro.	sp|P16675|PPGB_MOUSE	Lysosomal protective protein  OS=Mus musculus (Mouse) GN=Ctsa PE=1 SV=1	P16675
Q01149_Collagen alpha-2(I) chain	sp|Q01149|CO1A2_MOUSE	Collagen alpha-2(I) chain  OS=Mus musculus (Mouse) GN=Col1a2 PE=1 SV=2	Q01149
P70375_Coagulation factor VII	sp|P70375|FA7_MOUSE	Coagulation factor VII  OS=Mus musculus (Mouse) GN=F7 PE=1 SV=1	P70375
P24549_Retinal dehydrogenase 1	sp|P24549|AL1A1_MOUSE	Retinal dehydrogenase 1  OS=Mus musculus (Mouse) GN=Aldh1a1 PE=1 SV=5	P24549
O09159_Lysosomal alpha-mannosid.	sp|O09159|MA2B1_MOUSE	Lysosomal alpha-mannosidase  OS=Mus musculus (Mouse) GN=Man2b1 PE=1 SV=4	O09159
P01845_Ig lambda-3 chain C regi.	sp|P01845|LAC3_MOUSE	Ig lambda-3 chain C region  OS=Mus musculus (Mouse) GN=Iglc3 PE=1 SV=1	P01845
P98086_Complement C1q subcompon.	sp|P98086|C1QA_MOUSE	Complement C1q subcomponent subunit A  OS=Mus musculus (Mouse) GN=C1qa PE=1 SV=2	P98086
P01844_Ig lambda-2 chain C regi.	sp|P01844|LAC2_MOUSE	Ig lambda-2 chain C region  OS=Mus musculus (Mouse) GN=Iglc2 PE=1 SV=1	P01844
P40142_Transketolase	sp|P40142|TKT_MOUSE	Transketolase  OS=Mus musculus (Mouse) GN=Tkt PE=1 SV=1	P40142
Q08879_Fibulin-1	sp|Q08879|FBLN1_MOUSE	Fibulin-1  OS=Mus musculus (Mouse) GN=Fbln1 PE=1 SV=2	Q08879
Q9Z1R3_Apolipoprotein M	sp|Q9Z1R3|APOM_MOUSE	Apolipoprotein M  OS=Mus musculus (Mouse) GN=Apom PE=1 SV=1	Q9Z1R3
P45700_Mannosyl-oligosaccharide.	sp|P45700|MA1A1_MOUSE	Mannosyl-oligosaccharide 1,2-alpha-mannosidase IA  OS=Mus musculus (Mouse) GN=Man1a1 PE=1 SV=1	P45700
P61939_Thyroxine-binding globul.	sp|P61939|THBG_MOUSE	Thyroxine-binding globulin  OS=Mus musculus (Mouse) GN=Serpina7 PE=2 SV=1	P61939
P12246_Serum amyloid P-component	sp|P12246|SAMP_MOUSE	Serum amyloid P-component  OS=Mus musculus (Mouse) GN=Apcs PE=1 SV=2	P12246
P82198_Transforming growth fact.	sp|P82198|BGH3_MOUSE	Transforming growth factor-beta-induced protein ig-h3  OS=Mus musculus (Mouse) GN=Tgfbi PE=1 SV=1	P82198
P51910_Apolipoprotein D	sp|P51910|APOD_MOUSE	Apolipoprotein D  OS=Mus musculus (Mouse) GN=Apod PE=1 SV=1	P51910
P06151_L-lactate dehydrogenase .	sp|P06151|LDHA_MOUSE	L-lactate dehydrogenase A chain  OS=Mus musculus (Mouse) GN=Ldha PE=1 SV=3	P06151
P04104_Keratin, type II cytoske.	sp|P04104|K2C1_MOUSE	Keratin, type II cytoskeletal 1  OS=Mus musculus (Mouse) GN=Krt1 PE=1 SV=4	P04104
P04939_Major urinary protein 3	sp|P04939|MUP3_MOUSE	Major urinary protein 3  OS=Mus musculus (Mouse) GN=Mup3 PE=1 SV=1	P04939
Q60994_Adiponectin	sp|Q60994|ADIPO_MOUSE	Adiponectin  OS=Mus musculus (Mouse) GN=Adipoq PE=1 SV=2	Q60994
Q9Z1T2_Thrombospondin-4	sp|Q9Z1T2|TSP4_MOUSE	Thrombospondin-4  OS=Mus musculus (Mouse) GN=Thbs4 PE=1 SV=1	Q9Z1T2
Q02105_Complement C1q subcompon.	sp|Q02105|C1QC_MOUSE	Complement C1q subcomponent subunit C  OS=Mus musculus (Mouse) GN=C1qc PE=1 SV=2	Q02105
P01665_Ig kappa chain V-III reg.	sp|P01665|KV3AD_MOUSE	Ig kappa chain V-III region PC 7043  OS=Mus musculus (Mouse) PE=1 SV=1	P01665
P18760_Cofilin-1	sp|P18760|COF1_MOUSE	Cofilin-1  OS=Mus musculus (Mouse) GN=Cfl1 PE=1 SV=3	P18760
Q8R146_Acylamino-acid-releasing.	sp|Q8R146|APEH_MOUSE	Acylamino-acid-releasing enzyme  OS=Mus musculus (Mouse) GN=Apeh PE=1 SV=3	Q8R146
Q61207_Prosaposin	sp|Q61207|SAP_MOUSE	Prosaposin  OS=Mus musculus (Mouse) GN=Psap PE=1 SV=2	Q61207
P10404_MLV-related proviral Env.	sp|P10404|ENV1_MOUSE	MLV-related proviral Env polyprotein  OS=Mus musculus (Mouse) PE=1 SV=3	P10404
P01631_Ig kappa chain V-II regi.	sp|P01631|KV2A7_MOUSE	Ig kappa chain V-II region 26-10  OS=Mus musculus (Mouse) PE=1 SV=1	P01631
Q6IRU2_Tropomyosin alpha-4 chain	sp|Q6IRU2|TPM4_MOUSE	Tropomyosin alpha-4 chain  OS=Mus musculus (Mouse) GN=Tpm4 PE=1 SV=3	Q6IRU2
P01639_Ig kappa chain V-V regio.	sp|P01639|KV5A7_MOUSE	Ig kappa chain V-V region MOPC 41  OS=Mus musculus (Mouse) GN=Gm5571 PE=1 SV=1	P01639
P47878_Insulin-like growth fact.	sp|P47878|IBP3_MOUSE	Insulin-like growth factor-binding protein 3  OS=Mus musculus (Mouse) GN=Igfbp3 PE=2 SV=2	P47878
Q80YX1_Tenascin	sp|Q80YX1|TENA_MOUSE	Tenascin  OS=Mus musculus (Mouse) GN=Tnc PE=1 SV=1	Q80YX1
P01635_Ig kappa chain V-V regio.	sp|P01635|KV5A3_MOUSE	Ig kappa chain V-V region K2  OS=Mus musculus (Mouse) PE=1 SV=1	P01635
Q9QUM9_Proteasome subunit alpha.	sp|Q9QUM9|PSA6_MOUSE	Proteasome subunit alpha type-6  OS=Mus musculus (Mouse) GN=Psma6 PE=1 SV=1	Q9QUM9
P55284_Cadherin-5	sp|P55284|CADH5_MOUSE	Cadherin-5  OS=Mus musculus (Mouse) GN=Cdh5 PE=1 SV=2	P55284
P01630_Ig kappa chain V-II regi.	sp|P01630|KV2A6_MOUSE	Ig kappa chain V-II region 7S34.1  OS=Mus musculus (Mouse) PE=1 SV=1	P01630
P04919_Band 3 anion transport p.	sp|P04919|B3AT_MOUSE	Band 3 anion transport protein  OS=Mus musculus (Mouse) GN=Slc4a1 PE=1 SV=1	P04919
Q61805_Lipopolysaccharide-bindi.	sp|Q61805|LBP_MOUSE	Lipopolysaccharide-binding protein  OS=Mus musculus (Mouse) GN=Lbp PE=1 SV=2	Q61805
Q922U2_Keratin, type II cytoske.	sp|Q922U2|K2C5_MOUSE	Keratin, type II cytoskeletal 5  OS=Mus musculus (Mouse) GN=Krt5 PE=1 SV=1	Q922U2
Q91Y97_Fructose-bisphosphate al.	sp|Q91Y97|ALDOB_MOUSE	Fructose-bisphosphate aldolase B  OS=Mus musculus (Mouse) GN=Aldob PE=1 SV=3	Q91Y97
P01636_Ig kappa chain V-V regio.	sp|P01636|KV5A4_MOUSE	Ig kappa chain V-V region MOPC 149  OS=Mus musculus (Mouse) PE=1 SV=1	P01636
Q9ET66_Peptidase inhibitor 16	sp|Q9ET66|PI16_MOUSE	Peptidase inhibitor 16  OS=Mus musculus (Mouse) GN=Pi16 PE=1 SV=1	Q9ET66
Q9WVA4_Transgelin-2	sp|Q9WVA4|TAGL2_MOUSE	Transgelin-2  OS=Mus musculus (Mouse) GN=Tagln2 PE=1 SV=4	Q9WVA4
P23492_Purine nucleoside phosph.	sp|P23492|PNPH_MOUSE	Purine nucleoside phosphorylase  OS=Mus musculus (Mouse) GN=Pnp PE=1 SV=2	P23492
P63242_Eukaryotic translation i.	sp|P63242|IF5A1_MOUSE	Eukaryotic translation initiation factor 5A-1  OS=Mus musculus (Mouse) GN=Eif5a PE=1 SV=2	P63242
P34928_Apolipoprotein C-I	sp|P34928|APOC1_MOUSE	Apolipoprotein C-I  OS=Mus musculus (Mouse) GN=Apoc1 PE=1 SV=1	P34928
P11352_Glutathione peroxidase 1	sp|P11352|GPX1_MOUSE	Glutathione peroxidase 1  OS=Mus musculus (Mouse) GN=Gpx1 PE=1 SV=2	P11352
O88200_C-type lectin domain fam.	sp|O88200|CLC11_MOUSE	C-type lectin domain family 11 member A  OS=Mus musculus (Mouse) GN=Clec11a PE=1 SV=1	O88200
O88342_WD repeat-containing pro.	sp|O88342|WDR1_MOUSE	WD repeat-containing protein 1  OS=Mus musculus (Mouse) GN=Wdr1 PE=1 SV=3	O88342
Q91X79_Chymotrypsin-like elasta.	sp|Q91X79|CELA1_MOUSE	Chymotrypsin-like elastase family member 1  OS=Mus musculus (Mouse) GN=Cela1 PE=1 SV=1	Q91X79
O09164_Extracellular superoxide.	sp|O09164|SODE_MOUSE	Extracellular superoxide dismutase [Cu-Zn]  OS=Mus musculus (Mouse) GN=Sod3 PE=1 SV=1	O09164
Q9CPY7_Cytosol aminopeptidase	sp|Q9CPY7|AMPL_MOUSE	Cytosol aminopeptidase  OS=Mus musculus (Mouse) GN=Lap3 PE=1 SV=3	Q9CPY7
O70435_Proteasome subunit alpha.	sp|O70435|PSA3_MOUSE	Proteasome subunit alpha type-3  OS=Mus musculus (Mouse) GN=Psma3 PE=1 SV=3	O70435
P00688_Pancreatic alpha-amylase	sp|P00688|AMYP_MOUSE	Pancreatic alpha-amylase  OS=Mus musculus (Mouse) GN=Amy2 PE=1 SV=2	P00688
Q99PT1_Rho GDP-dissociation inh.	sp|Q99PT1|GDIR1_MOUSE	Rho GDP-dissociation inhibitor 1  OS=Mus musculus (Mouse) GN=Arhgdia PE=1 SV=3	Q99PT1
P08121_Collagen alpha-1(III) ch.	sp|P08121|CO3A1_MOUSE	Collagen alpha-1(III) chain  OS=Mus musculus (Mouse) GN=Col3a1 PE=1 SV=4	P08121
P14152_Malate dehydrogenase, cy.	sp|P14152|MDHC_MOUSE	Malate dehydrogenase, cytoplasmic  OS=Mus musculus (Mouse) GN=Mdh1 PE=1 SV=3	P14152
P01675_Ig kappa chain V-VI regi.	sp|P01675|KV6A1_MOUSE	Ig kappa chain V-VI region XRPC 44  OS=Mus musculus (Mouse) PE=1 SV=1	P01675
P27656_Hepatic triacylglycerol .	sp|P27656|LIPC_MOUSE	Hepatic triacylglycerol lipase  OS=Mus musculus (Mouse) GN=Lipc PE=2 SV=2	P27656
Q7TPR4_Alpha-actinin-1	sp|Q7TPR4|ACTN1_MOUSE	Alpha-actinin-1  OS=Mus musculus (Mouse) GN=Actn1 PE=1 SV=1	Q7TPR4
P01787_Ig heavy chain V regions.	sp|P01787|HVM18_MOUSE	Ig heavy chain V regions TEPC 15/S107/HPCM1/HPCM2/HPCM3  OS=Mus musculus (Mouse) PE=1 SV=1	P01787
Q9Z121_C-C motif chemokine 8	sp|Q9Z121|CCL8_MOUSE	C-C motif chemokine 8  OS=Mus musculus (Mouse) GN=Ccl8 PE=3 SV=1	Q9Z121
P97321_Prolyl endopeptidase FAP	sp|P97321|SEPR_MOUSE	Prolyl endopeptidase FAP  OS=Mus musculus (Mouse) GN=Fap PE=1 SV=1	P97321
P40124_Adenylyl cyclase-associa.	sp|P40124|CAP1_MOUSE	Adenylyl cyclase-associated protein 1  OS=Mus musculus (Mouse) GN=Cap1 PE=1 SV=4	P40124
Q8R242_Di-N-acetylchitobiase	sp|Q8R242|DIAC_MOUSE	Di-N-acetylchitobiase  OS=Mus musculus (Mouse) GN=Ctbs PE=1 SV=2	Q8R242
P18525_Ig heavy chain V region .	sp|P18525|HVM54_MOUSE	Ig heavy chain V region 5-84  OS=Mus musculus (Mouse) PE=1 SV=1	P18525
P13597_Intercellular adhesion m.	sp|P13597|ICAM1_MOUSE	Intercellular adhesion molecule 1  OS=Mus musculus (Mouse) GN=Icam1 PE=1 SV=1	P13597
P05208_Chymotrypsin-like elasta.	sp|P05208|CEL2A_MOUSE	Chymotrypsin-like elastase family member 2A  OS=Mus musculus (Mouse) GN=Cela2a PE=1 SV=1	P05208
P01750_Ig heavy chain V region .	sp|P01750|HVM06_MOUSE	Ig heavy chain V region 102  OS=Mus musculus (Mouse) PE=1 SV=1	P01750
Q60963_Platelet-activating fact.	sp|Q60963|PAFA_MOUSE	Platelet-activating factor acetylhydrolase  OS=Mus musculus (Mouse) GN=Pla2g7 PE=2 SV=2	Q60963
O55042_Alpha-synuclein	sp|O55042|SYUA_MOUSE	Alpha-synuclein  OS=Mus musculus (Mouse) GN=Snca PE=1 SV=2	O55042
P06801_NADP-dependent malic enz.	sp|P06801|MAOX_MOUSE	NADP-dependent malic enzyme  OS=Mus musculus (Mouse) GN=Me1 PE=1 SV=2	P06801
P57780_Alpha-actinin-4	sp|P57780|ACTN4_MOUSE	Alpha-actinin-4  OS=Mus musculus (Mouse) GN=Actn4 PE=1 SV=1	P57780
P35700_Peroxiredoxin-1	sp|P35700|PRDX1_MOUSE	Peroxiredoxin-1  OS=Mus musculus (Mouse) GN=Prdx1 PE=1 SV=1	P35700
Q9CQF9_Prenylcysteine oxidase	sp|Q9CQF9|PCYOX_MOUSE	Prenylcysteine oxidase  OS=Mus musculus (Mouse) GN=Pcyox1 PE=1 SV=1	Q9CQF9
P11499_Heat shock protein HSP 9.	sp|P11499|HS90B_MOUSE	Heat shock protein HSP 90-beta  OS=Mus musculus (Mouse) GN=Hsp90ab1 PE=1 SV=3	P11499
Q9CPU0_Lactoylglutathione lyase	sp|Q9CPU0|LGUL_MOUSE	Lactoylglutathione lyase  OS=Mus musculus (Mouse) GN=Glo1 PE=1 SV=3	Q9CPU0
P0CG49_Polyubiquitin-B	sp|P0CG49|UBB_MOUSE	Polyubiquitin-B  OS=Mus musculus (Mouse) GN=Ubb PE=2 SV=1	P0CG49
Q9Z2U0_Proteasome subunit alpha.	sp|Q9Z2U0|PSA7_MOUSE	Proteasome subunit alpha type-7  OS=Mus musculus (Mouse) GN=Psma7 PE=1 SV=1	Q9Z2U0
Q9R1P4_Proteasome subunit alpha.	sp|Q9R1P4|PSA1_MOUSE	Proteasome subunit alpha type-1  OS=Mus musculus (Mouse) GN=Psma1 PE=1 SV=1	Q9R1P4
P62827_GTP-binding nuclear prot.	sp|P62827|RAN_MOUSE	GTP-binding nuclear protein Ran  OS=Mus musculus (Mouse) GN=Ran PE=1 SV=3	P62827
P01642_Ig kappa chain V-V regio.	sp|P01642|KV5A9_MOUSE	Ig kappa chain V-V region L7  OS=Mus musculus (Mouse) GN=Gm10881 PE=1 SV=1	P01642
P10639_Thioredoxin	sp|P10639|THIO_MOUSE	Thioredoxin  OS=Mus musculus (Mouse) GN=Txn PE=1 SV=3	P10639
Q60605_Myosin light polypeptide.	sp|Q60605|MYL6_MOUSE	Myosin light polypeptide 6  OS=Mus musculus (Mouse) GN=Myl6 PE=1 SV=3	Q60605
P01746_Ig heavy chain V region .	sp|P01746|HVM02_MOUSE	Ig heavy chain V region 93G7  OS=Mus musculus (Mouse) PE=2 SV=1	P01746
O09172_Glutamate--cysteine liga.	sp|O09172|GSH0_MOUSE	Glutamate--cysteine ligase regulatory subunit  OS=Mus musculus (Mouse) GN=Gclm PE=1 SV=1	O09172
Q9R0P5_Destrin	sp|Q9R0P5|DEST_MOUSE	Destrin  OS=Mus musculus (Mouse) GN=Dstn PE=1 SV=3	Q9R0P5
Q8VED5_Keratin, type II cytoske.	sp|Q8VED5|K2C79_MOUSE	Keratin, type II cytoskeletal 79  OS=Mus musculus (Mouse) GN=Krt79 PE=1 SV=2	Q8VED5
P18528_Ig heavy chain V region .	sp|P18528|HVM57_MOUSE	Ig heavy chain V region 6.96  OS=Mus musculus (Mouse) PE=4 SV=1	P18528
P04223_H-2 class I histocompati.	sp|P04223|HA1K_MOUSE	H-2 class I histocompatibility antigen, K-K alpha chain  OS=Mus musculus (Mouse) GN=H2-K1 PE=1 SV=1	P04223
P01723_Ig lambda-1 chain V regi.	sp|P01723|LV1A_MOUSE	Ig lambda-1 chain V region  OS=Mus musculus (Mouse) PE=1 SV=2	P01723
Q9Z2U1_Proteasome subunit alpha.	sp|Q9Z2U1|PSA5_MOUSE	Proteasome subunit alpha type-5  OS=Mus musculus (Mouse) GN=Psma5 PE=1 SV=1	Q9Z2U1
Q8VCC2_Liver carboxylesterase 1	sp|Q8VCC2|EST1_MOUSE	Liver carboxylesterase 1  OS=Mus musculus (Mouse) GN=Ces1 PE=1 SV=1	Q8VCC2
O89053_Coronin-1A	sp|O89053|COR1A_MOUSE	Coronin-1A  OS=Mus musculus (Mouse) GN=Coro1a PE=1 SV=5	O89053
P15532_Nucleoside diphosphate k.	sp|P15532|NDKA_MOUSE	Nucleoside diphosphate kinase A  OS=Mus musculus (Mouse) GN=Nme1 PE=1 SV=1	P15532
Q8K1I3_Secreted phosphoprotein .	sp|Q8K1I3|SPP24_MOUSE	Secreted phosphoprotein 24  OS=Mus musculus (Mouse) GN=Spp2 PE=1 SV=2	Q8K1I3
P05366_Serum amyloid A-1 protein	sp|P05366|SAA1_MOUSE	Serum amyloid A-1 protein  OS=Mus musculus (Mouse) GN=Saa1 PE=1 SV=2	P05366
P47877_Insulin-like growth fact.	sp|P47877|IBP2_MOUSE	Insulin-like growth factor-binding protein 2  OS=Mus musculus (Mouse) GN=Igfbp2 PE=2 SV=2	P47877
P02816_Prolactin-inducible prot.	sp|P02816|PIP_MOUSE	Prolactin-inducible protein homolog  OS=Mus musculus (Mouse) GN=Pip PE=2 SV=3	P02816
P08905_Lysozyme C-2	sp|P08905|LYZ2_MOUSE	Lysozyme C-2  OS=Mus musculus (Mouse) GN=Lyz2 PE=1 SV=2	P08905
P01728_Ig lambda-2 chain V regi.	sp|P01728|LV2A_MOUSE	Ig lambda-2 chain V region  OS=Mus musculus (Mouse) PE=3 SV=1	P01728
P01819_Ig heavy chain V region .	sp|P01819|HVM43_MOUSE	Ig heavy chain V region MOPC 141  OS=Mus musculus (Mouse) PE=4 SV=1	P01819
Q3SXB8_Collectin-11	sp|Q3SXB8|COL11_MOUSE	Collectin-11  OS=Mus musculus (Mouse) GN=Colec11 PE=2 SV=2	Q3SXB8
P01806_Ig heavy chain V region .	sp|P01806|HVM36_MOUSE	Ig heavy chain V region 441  OS=Mus musculus (Mouse) PE=4 SV=1	P01806
P01902_H-2 class I histocompati.	sp|P01902|HA1D_MOUSE	H-2 class I histocompatibility antigen, K-D alpha chain  OS=Mus musculus (Mouse) GN=H2-K1 PE=1 SV=1	P01902
O08742_Platelet glycoprotein V	sp|O08742|GPV_MOUSE	Platelet glycoprotein V  OS=Mus musculus (Mouse) GN=Gp5 PE=1 SV=1	O08742
O70570_Polymeric immunoglobulin.	sp|O70570|PIGR_MOUSE	Polymeric immunoglobulin receptor  OS=Mus musculus (Mouse) GN=Pigr PE=1 SV=1	O70570
Q9R182_Angiopoietin-related pro.	sp|Q9R182|ANGL3_MOUSE	Angiopoietin-related protein 3  OS=Mus musculus (Mouse) GN=Angptl3 PE=1 SV=1	Q9R182
P01783_Ig heavy chain V region .	sp|P01783|HVM16_MOUSE	Ig heavy chain V region MOPC 21  OS=Mus musculus (Mouse) PE=1 SV=1	P01783
Q99LX0_Protein/nucleic acid deg.	sp|Q99LX0|PARK7_MOUSE	Protein/nucleic acid deglycase DJ-1  OS=Mus musculus (Mouse) GN=Park7 PE=1 SV=1	Q99LX0
P47739_Aldehyde dehydrogenase, .	sp|P47739|AL3A1_MOUSE	Aldehyde dehydrogenase, dimeric NADP-preferring  OS=Mus musculus (Mouse) GN=Aldh3a1 PE=1 SV=2	P47739
P01749_Ig heavy chain V region 3	sp|P01749|HVM05_MOUSE	Ig heavy chain V region 3  OS=Mus musculus (Mouse) GN=Ighv1-61 PE=1 SV=1	P01749
P01633_Ig kappa chain V19-17	sp|P01633|KV5A1_MOUSE	Ig kappa chain V19-17  OS=Mus musculus (Mouse) GN=Igk-V19-17 PE=1 SV=1	P01633
Q9DC11_Plexin domain-containing.	sp|Q9DC11|PXDC2_MOUSE	Plexin domain-containing protein 2  OS=Mus musculus (Mouse) GN=Plxdc2 PE=1 SV=1	Q9DC11
Q61268_Apolipoprotein C-IV	sp|Q61268|APOC4_MOUSE	Apolipoprotein C-IV  OS=Mus musculus (Mouse) GN=Apoc4 PE=1 SV=1	Q61268
P62806_Histone H4	sp|P62806|H4_MOUSE	Histone H4  OS=Mus musculus (Mouse) GN=Hist1h4a PE=1 SV=2	P62806
P01680_Ig kappa chain V-IV regi.	sp|P01680|KV4A1_MOUSE	Ig kappa chain V-IV region S107B  OS=Mus musculus (Mouse) PE=4 SV=1	P01680
Q02053_Ubiquitin-like modifier-.	sp|Q02053|UBA1_MOUSE	Ubiquitin-like modifier-activating enzyme 1  OS=Mus musculus (Mouse) GN=Uba1 PE=1 SV=1	Q02053
Q9JHK5_Pleckstrin	sp|Q9JHK5|PLEK_MOUSE	Pleckstrin  OS=Mus musculus (Mouse) GN=Plek PE=1 SV=1	Q9JHK5
O55222_Integrin-linked protein .	sp|O55222|ILK_MOUSE	Integrin-linked protein kinase  OS=Mus musculus (Mouse) GN=Ilk PE=1 SV=2	O55222
P62897_Cytochrome c, somatic	sp|P62897|CYC_MOUSE	Cytochrome c, somatic  OS=Mus musculus (Mouse) GN=Cycs PE=1 SV=2	P62897
P21460_Cystatin-C	sp|P21460|CYTC_MOUSE	Cystatin-C  OS=Mus musculus (Mouse) GN=Cst3 PE=1 SV=2	P21460
P62835_Ras-related protein Rap-.	sp|P62835|RAP1A_MOUSE	Ras-related protein Rap-1A  OS=Mus musculus (Mouse) GN=Rap1a PE=1 SV=1	P62835
P05784_Keratin, type I cytoskel.	sp|P05784|K1C18_MOUSE	Keratin, type I cytoskeletal 18  OS=Mus musculus (Mouse) GN=Krt18 PE=1 SV=5	P05784
P30412_Peptidyl-prolyl cis-tran.	sp|P30412|PPIC_MOUSE	Peptidyl-prolyl cis-trans isomerase C  OS=Mus musculus (Mouse) GN=Ppic PE=1 SV=1	P30412
P04945_Ig kappa chain V-VI regi.	sp|P04945|KV6AB_MOUSE	Ig kappa chain V-VI region NQ2-6.1  OS=Mus musculus (Mouse) PE=2 SV=1	P04945
Q8CIT9_Suprabasin	sp|Q8CIT9|SBSN_MOUSE	Suprabasin  OS=Mus musculus (Mouse) GN=Sbsn PE=2 SV=1	Q8CIT9
P12399_Protein CTLA-2-alpha	sp|P12399|CTL2A_MOUSE	Protein CTLA-2-alpha  OS=Mus musculus (Mouse) GN=Ctla2a PE=2 SV=2	P12399
Q91V80_Apolipoprotein F	sp|Q91V80|APOF_MOUSE	Apolipoprotein F  OS=Mus musculus (Mouse) GN=Apof PE=2 SV=2	Q91V80
P97399_Dentin sialophosphoprote.	sp|P97399|DSPP_MOUSE	Dentin sialophosphoprotein  OS=Mus musculus (Mouse) GN=Dspp PE=1 SV=2	P97399
P20065_Thymosin beta-4	sp|P20065|TYB4_MOUSE	Thymosin beta-4  OS=Mus musculus (Mouse) GN=Tmsb4x PE=1 SV=1	P20065
P0DP26_Calmodulin-1	sp|P0DP26|CALM1_MOUSE	Calmodulin-1  OS=Mus musculus (Mouse) GN=Calm1 PE=1 SV=1	P0DP26
Q64339_Ubiquitin-like protein I.	sp|Q64339|ISG15_MOUSE	Ubiquitin-like protein ISG15  OS=Mus musculus (Mouse) GN=Isg15 PE=1 SV=4	Q64339
P03976_Ig kappa chain V-II regi.	sp|P03976|KV2A5_MOUSE	Ig kappa chain V-II region 17S29.1  OS=Mus musculus (Mouse) PE=1 SV=1	P03976
Q9Z126_Platelet factor 4	sp|Q9Z126|PLF4_MOUSE	Platelet factor 4  OS=Mus musculus (Mouse) GN=Pf4 PE=1 SV=1	Q9Z126
P61982_14-3-3 protein gamma	sp|P61982|1433G_MOUSE	14-3-3 protein gamma  OS=Mus musculus (Mouse) GN=Ywhag PE=1 SV=2	P61982
Q8K426_Resistin-like gamma	sp|Q8K426|RETNG_MOUSE	Resistin-like gamma  OS=Mus musculus (Mouse) GN=Retnlg PE=1 SV=1	Q8K426
P70269_Cathepsin E	sp|P70269|CATE_MOUSE	Cathepsin E  OS=Mus musculus (Mouse) GN=Ctse PE=1 SV=2	P70269
P08113_Endoplasmin	sp|P08113|ENPL_MOUSE	Endoplasmin  OS=Mus musculus (Mouse) GN=Hsp90b1 PE=1 SV=2	P08113
P13595_Neural cell adhesion mol.	sp|P13595|NCAM1_MOUSE	Neural cell adhesion molecule 1  OS=Mus musculus (Mouse) GN=Ncam1 PE=1 SV=3	P13595
P97430_Antileukoproteinase	sp|P97430|SLPI_MOUSE	Antileukoproteinase  OS=Mus musculus (Mouse) GN=Slpi PE=1 SV=1	P97430
Q91WG0_Acylcarnitine hydrolase	sp|Q91WG0|EST2C_MOUSE	Acylcarnitine hydrolase  OS=Mus musculus (Mouse) GN=Ces2c PE=1 SV=1	Q91WG0
P02104_Hemoglobin subunit epsil.	sp|P02104|HBE_MOUSE	Hemoglobin subunit epsilon-Y2  OS=Mus musculus (Mouse) GN=Hbb-y PE=1 SV=2	P02104
P15379_CD44 antigen	sp|P15379|CD44_MOUSE	CD44 antigen  OS=Mus musculus (Mouse) GN=Cd44 PE=1 SV=3	P15379
P47879_Insulin-like growth fact.	sp|P47879|IBP4_MOUSE	Insulin-like growth factor-binding protein 4  OS=Mus musculus (Mouse) GN=Igfbp4 PE=1 SV=2	P47879
P01758_Ig heavy chain V region .	sp|P01758|HVM14_MOUSE	Ig heavy chain V region 108A  OS=Mus musculus (Mouse) GN=Igh-VJ558 PE=4 SV=1	P01758
P01648_Ig kappa chain V-V regio.	sp|P01648|KV5AF_MOUSE	Ig kappa chain V-V region HP 91A3  OS=Mus musculus (Mouse) PE=1 SV=1	P01648
P63028_Translationally-controll.	sp|P63028|TCTP_MOUSE	Translationally-controlled tumor protein  OS=Mus musculus (Mouse) GN=Tpt1 PE=1 SV=1	P63028
B2RPV6_Multimerin-1	sp|B2RPV6|MMRN1_MOUSE	Multimerin-1  OS=Mus musculus (Mouse) GN=Mmrn1 PE=1 SV=2	B2RPV6
P01786_Ig heavy chain V region .	sp|P01786|HVM17_MOUSE	Ig heavy chain V region MOPC 47A  OS=Mus musculus (Mouse) PE=1 SV=1	P01786
Q9WUU7_Cathepsin Z	sp|Q9WUU7|CATZ_MOUSE	Cathepsin Z  OS=Mus musculus (Mouse) GN=Ctsz PE=1 SV=1	Q9WUU7
P13609_Serglycin	sp|P13609|SRGN_MOUSE	Serglycin  OS=Mus musculus (Mouse) GN=Srgn PE=1 SV=1	P13609
Q61316_Heat shock 70 kDa protei.	sp|Q61316|HSP74_MOUSE	Heat shock 70 kDa protein 4  OS=Mus musculus (Mouse) GN=Hspa4 PE=1 SV=1	Q61316
P01674_Ig kappa chain V-III reg.	sp|P01674|KV3AM_MOUSE	Ig kappa chain V-III region PC 2154  OS=Mus musculus (Mouse) PE=1 SV=1	P01674
Q91X17_Uromodulin	sp|Q91X17|UROM_MOUSE	Uromodulin  OS=Mus musculus (Mouse) GN=Umod PE=1 SV=1	Q91X17
P31786_Acyl-CoA-binding protein	sp|P31786|ACBP_MOUSE	Acyl-CoA-binding protein  OS=Mus musculus (Mouse) GN=Dbi PE=1 SV=2	P31786
Q71KU9_Fibrinogen-like protein 1	sp|Q71KU9|FGL1_MOUSE	Fibrinogen-like protein 1  OS=Mus musculus (Mouse) GN=Fgl1 PE=1 SV=2	Q71KU9
Q11136_Xaa-Pro dipeptidase	sp|Q11136|PEPD_MOUSE	Xaa-Pro dipeptidase  OS=Mus musculus (Mouse) GN=Pepd PE=1 SV=3	Q11136
P99026_Proteasome subunit beta .	sp|P99026|PSB4_MOUSE	Proteasome subunit beta type-4  OS=Mus musculus (Mouse) GN=Psmb4 PE=1 SV=1	P99026
P27931_Interleukin-1 receptor t.	sp|P27931|IL1R2_MOUSE	Interleukin-1 receptor type 2  OS=Mus musculus (Mouse) GN=Il1r2 PE=1 SV=1	P27931
P09803_Cadherin-1	sp|P09803|CADH1_MOUSE	Cadherin-1  OS=Mus musculus (Mouse) GN=Cdh1 PE=1 SV=1	P09803
Q05020_Apolipoprotein C-II	sp|Q05020|APOC2_MOUSE	Apolipoprotein C-II  OS=Mus musculus (Mouse) GN=Apoc2 PE=2 SV=1	Q05020
P08228_Superoxide dismutase [Cu.	sp|P08228|SODC_MOUSE	Superoxide dismutase [Cu-Zn]  OS=Mus musculus (Mouse) GN=Sod1 PE=1 SV=2	P08228
Q9R1P1_Proteasome subunit beta .	sp|Q9R1P1|PSB3_MOUSE	Proteasome subunit beta type-3  OS=Mus musculus (Mouse) GN=Psmb3 PE=1 SV=1	Q9R1P1
P10649_Glutathione S-transferas.	sp|P10649|GSTM1_MOUSE	Glutathione S-transferase Mu 1  OS=Mus musculus (Mouse) GN=Gstm1 PE=1 SV=2	P10649
Q9R1P0_Proteasome subunit alpha.	sp|Q9R1P0|PSA4_MOUSE	Proteasome subunit alpha type-4  OS=Mus musculus (Mouse) GN=Psma4 PE=1 SV=1	Q9R1P0
P31725_Protein S100-A9	sp|P31725|S10A9_MOUSE	Protein S100-A9  OS=Mus musculus (Mouse) GN=S100a9 PE=1 SV=3	P31725
Q60692_Proteasome subunit beta .	sp|Q60692|PSB6_MOUSE	Proteasome subunit beta type-6  OS=Mus musculus (Mouse) GN=Psmb6 PE=1 SV=3	Q60692
P24472_Glutathione S-transferas.	sp|P24472|GSTA4_MOUSE	Glutathione S-transferase A4  OS=Mus musculus (Mouse) GN=Gsta4 PE=1 SV=3	P24472
O09043_Napsin-A	sp|O09043|NAPSA_MOUSE	Napsin-A  OS=Mus musculus (Mouse) GN=Napsa PE=1 SV=1	O09043
P26041_Moesin	sp|P26041|MOES_MOUSE	Moesin  OS=Mus musculus (Mouse) GN=Msn PE=1 SV=3	P26041
Q3UV17_Keratin, type II cytoske.	sp|Q3UV17|K22O_MOUSE	Keratin, type II cytoskeletal 2 oral  OS=Mus musculus (Mouse) GN=Krt76 PE=1 SV=1	Q3UV17
Q9EQ21_Hepcidin	sp|Q9EQ21|HEPC_MOUSE	Hepcidin  OS=Mus musculus (Mouse) GN=Hamp PE=2 SV=1	Q9EQ21
O35664_Interferon alpha/beta re.	sp|O35664|INAR2_MOUSE	Interferon alpha/beta receptor 2  OS=Mus musculus (Mouse) GN=Ifnar2 PE=1 SV=2	O35664
P70296_Phosphatidylethanolamine.	sp|P70296|PEBP1_MOUSE	Phosphatidylethanolamine-binding protein 1  OS=Mus musculus (Mouse) GN=Pebp1 PE=1 SV=3	P70296
Q91Y47_Coagulation factor XI	sp|Q91Y47|FA11_MOUSE	Coagulation factor XI  OS=Mus musculus (Mouse) GN=F11 PE=2 SV=2	Q91Y47
P00329_Alcohol dehydrogenase 1	sp|P00329|ADH1_MOUSE	Alcohol dehydrogenase 1  OS=Mus musculus (Mouse) GN=Adh1 PE=1 SV=2	P00329
Q9R0P3_S-formylglutathione hydr.	sp|Q9R0P3|ESTD_MOUSE	S-formylglutathione hydrolase  OS=Mus musculus (Mouse) GN=Esd PE=1 SV=1	Q9R0P3
Q07079_Insulin-like growth fact.	sp|Q07079|IBP5_MOUSE	Insulin-like growth factor-binding protein 5  OS=Mus musculus (Mouse) GN=Igfbp5 PE=1 SV=1	Q07079
Q9CQ19_Myosin regulatory light .	sp|Q9CQ19|MYL9_MOUSE	Myosin regulatory light polypeptide 9  OS=Mus musculus (Mouse) GN=Myl9 PE=1 SV=3	Q9CQ19
Q5MJS3_Extracellular serine/thr.	sp|Q5MJS3|FA20C_MOUSE	Extracellular serine/threonine protein kinase FAM20C  OS=Mus musculus (Mouse) GN=Fam20c PE=1 SV=1	Q5MJS3
O09061_Proteasome subunit beta .	sp|O09061|PSB1_MOUSE	Proteasome subunit beta type-1  OS=Mus musculus (Mouse) GN=Psmb1 PE=1 SV=1	O09061
G5E8Q8_Adhesion G protein-coupl.	sp|G5E8Q8|AGRF5_MOUSE	Adhesion G protein-coupled receptor F5  OS=Mus musculus (Mouse) GN=Adgrf5 PE=1 SV=1	G5E8Q8
P18337_L-selectin	sp|P18337|LYAM1_MOUSE	L-selectin  OS=Mus musculus (Mouse) GN=Sell PE=1 SV=1	P18337
Q05909_Receptor-type tyrosine-p.	sp|Q05909|PTPRG_MOUSE	Receptor-type tyrosine-protein phosphatase gamma  OS=Mus musculus (Mouse) GN=Ptprg PE=1 SV=1	Q05909
O55111_Desmoglein-2	sp|O55111|DSG2_MOUSE	Desmoglein-2  OS=Mus musculus (Mouse) GN=Dsg2 PE=1 SV=3	O55111
Q9D1H9_Microfibril-associated g.	sp|Q9D1H9|MFAP4_MOUSE	Microfibril-associated glycoprotein 4  OS=Mus musculus (Mouse) GN=Mfap4 PE=1 SV=1	Q9D1H9
P15535_Beta-1,4-galactosyltrans.	sp|P15535|B4GT1_MOUSE	Beta-1,4-galactosyltransferase 1  OS=Mus musculus (Mouse) GN=B4galt1 PE=1 SV=1	P15535
P10852_4F2 cell-surface antigen.	sp|P10852|4F2_MOUSE	4F2 cell-surface antigen heavy chain  OS=Mus musculus (Mouse) GN=Slc3a2 PE=1 SV=1	P10852
P08071_Lactotransferrin	sp|P08071|TRFL_MOUSE	Lactotransferrin  OS=Mus musculus (Mouse) GN=Ltf PE=1 SV=4	P08071
P33434_72 kDa type IV collagena.	sp|P33434|MMP2_MOUSE	72 kDa type IV collagenase  OS=Mus musculus (Mouse) GN=Mmp2 PE=1 SV=1	P33434
Q9Z0L8_Gamma-glutamyl hydrolase	sp|Q9Z0L8|GGH_MOUSE	Gamma-glutamyl hydrolase  OS=Mus musculus (Mouse) GN=Ggh PE=1 SV=2	Q9Z0L8
Q3U0B3_Dehydrogenase/reductase .	sp|Q3U0B3|DHR11_MOUSE	Dehydrogenase/reductase SDR family member 11  OS=Mus musculus (Mouse) GN=Dhrs11 PE=1 SV=1	Q3U0B3
P04943_Ig kappa chain V-VI regi.	sp|P04943|KV6A9_MOUSE	Ig kappa chain V-VI region NQ6-8.3.1  OS=Mus musculus (Mouse) PE=2 SV=1	P04943
O55234_Proteasome subunit beta .	sp|O55234|PSB5_MOUSE	Proteasome subunit beta type-5  OS=Mus musculus (Mouse) GN=Psmb5 PE=1 SV=3	O55234
Q7M747_Secretoglobin family 2B .	sp|Q7M747|S2B24_MOUSE	Secretoglobin family 2B member 24  OS=Mus musculus (Mouse) GN=Scgb2b24 PE=2 SV=1	Q7M747
P63001_Ras-related C3 botulinum.	sp|P63001|RAC1_MOUSE	Ras-related C3 botulinum toxin substrate 1  OS=Mus musculus (Mouse) GN=Rac1 PE=1 SV=1	P63001
Q61598_Rab GDP dissociation inh.	sp|Q61598|GDIB_MOUSE	Rab GDP dissociation inhibitor beta  OS=Mus musculus (Mouse) GN=Gdi2 PE=1 SV=1	Q61598
Q60696_Melanocyte protein PMEL	sp|Q60696|PMEL_MOUSE	Melanocyte protein PMEL  OS=Mus musculus (Mouse) GN=Pmel PE=1 SV=1	Q60696
P70349_Histidine triad nucleoti.	sp|P70349|HINT1_MOUSE	Histidine triad nucleotide-binding protein 1  OS=Mus musculus (Mouse) GN=Hint1 PE=1 SV=3	P70349
P59999_Actin-related protein 2/.	sp|P59999|ARPC4_MOUSE	Actin-related protein 2/3 complex subunit 4  OS=Mus musculus (Mouse) GN=Arpc4 PE=1 SV=3	P59999
Q9R1P3_Proteasome subunit beta .	sp|Q9R1P3|PSB2_MOUSE	Proteasome subunit beta type-2  OS=Mus musculus (Mouse) GN=Psmb2 PE=1 SV=1	Q9R1P3
P34884_Macrophage migration inh.	sp|P34884|MIF_MOUSE	Macrophage migration inhibitory factor  OS=Mus musculus (Mouse) GN=Mif PE=1 SV=2	P34884
O88998_Noelin	sp|O88998|NOE1_MOUSE	Noelin  OS=Mus musculus (Mouse) GN=Olfm1 PE=1 SV=1	O88998
Q9JHJ8_ICOS ligand	sp|Q9JHJ8|ICOSL_MOUSE	ICOS ligand  OS=Mus musculus (Mouse) GN=Icoslg PE=1 SV=1	Q9JHJ8
Q64442_Sorbitol dehydrogenase	sp|Q64442|DHSO_MOUSE	Sorbitol dehydrogenase  OS=Mus musculus (Mouse) GN=Sord PE=1 SV=3	Q64442
Q9QZ39_Alpha-N-acetylgalactosam.	sp|Q9QZ39|SIA7A_MOUSE	Alpha-N-acetylgalactosaminide alpha-2,6-sialyltransferase 1  OS=Mus musculus (Mouse) GN=St6galnac1 PE=2 SV=2	Q9QZ39
O88844_Isocitrate dehydrogenase.	sp|O88844|IDHC_MOUSE	Isocitrate dehydrogenase [NADP] cytoplasmic  OS=Mus musculus (Mouse) GN=Idh1 PE=1 SV=2	O88844
P11438_Lysosome-associated memb.	sp|P11438|LAMP1_MOUSE	Lysosome-associated membrane glycoprotein 1  OS=Mus musculus (Mouse) GN=Lamp1 PE=1 SV=2	P11438
Q9D154_Leukocyte elastase inhib.	sp|Q9D154|ILEUA_MOUSE	Leukocyte elastase inhibitor A  OS=Mus musculus (Mouse) GN=Serpinb1a PE=1 SV=1	Q9D154
Q9Z0M6_CD97 antigen	sp|Q9Z0M6|CD97_MOUSE	CD97 antigen  OS=Mus musculus (Mouse) GN=Cd97 PE=1 SV=2	Q9Z0M6
Q9CR35_Chymotrypsinogen B	sp|Q9CR35|CTRB1_MOUSE	Chymotrypsinogen B  OS=Mus musculus (Mouse) GN=Ctrb1 PE=1 SV=1	Q9CR35
Q8K558_Trem-like transcript 1 p.	sp|Q8K558|TRML1_MOUSE	Trem-like transcript 1 protein  OS=Mus musculus (Mouse) GN=Treml1 PE=1 SV=2	Q8K558
Q4KML4_Costars family protein A.	sp|Q4KML4|ABRAL_MOUSE	Costars family protein ABRACL  OS=Mus musculus (Mouse) GN=Abracl PE=1 SV=1	Q4KML4
Q8QZR4_Out at first protein hom.	sp|Q8QZR4|OAF_MOUSE	Out at first protein homolog  OS=Mus musculus (Mouse) GN=Oaf PE=2 SV=1	Q8QZR4
Q2PZL6_Protocadherin Fat 4	sp|Q2PZL6|FAT4_MOUSE	Protocadherin Fat 4  OS=Mus musculus (Mouse) GN=Fat4 PE=1 SV=2	Q2PZL6
P28063_Proteasome subunit beta .	sp|P28063|PSB8_MOUSE	Proteasome subunit beta type-8  OS=Mus musculus (Mouse) GN=Psmb8 PE=1 SV=2	P28063
Q9JI02_Secretoglobin family 2B .	sp|Q9JI02|S2B20_MOUSE	Secretoglobin family 2B member 20  OS=Mus musculus (Mouse) GN=Scgb2b20 PE=2 SV=1	Q9JI02
Q1EHW4_Histone deacetylase comp.	sp|Q1EHW4|SAP25_MOUSE	Histone deacetylase complex subunit SAP25  OS=Mus musculus (Mouse) GN=Sap25 PE=1 SV=1	Q1EHW4
P05017_Insulin-like growth fact.	sp|P05017|IGF1_MOUSE	Insulin-like growth factor I  OS=Mus musculus (Mouse) GN=Igf1 PE=1 SV=2	P05017
Q8BHC0_Lymphatic vessel endothe.	sp|Q8BHC0|LYVE1_MOUSE	Lymphatic vessel endothelial hyaluronic acid receptor 1  OS=Mus musculus (Mouse) GN=Lyve1 PE=1 SV=1	Q8BHC0
P13541_Myosin-3	sp|P13541|MYH3_MOUSE	Myosin-3  OS=Mus musculus (Mouse) GN=Myh3 PE=2 SV=2	P13541
P70665_Sialate O-acetylesterase	sp|P70665|SIAE_MOUSE	Sialate O-acetylesterase  OS=Mus musculus (Mouse) GN=Siae PE=1 SV=3	P70665
Q9Z2L6_Multiple inositol polyph.	sp|Q9Z2L6|MINP1_MOUSE	Multiple inositol polyphosphate phosphatase 1  OS=Mus musculus (Mouse) GN=Minpp1 PE=1 SV=3	Q9Z2L6
Q9D358_Low molecular weight pho.	sp|Q9D358|PPAC_MOUSE	Low molecular weight phosphotyrosine protein phosphatase  OS=Mus musculus (Mouse) GN=Acp1 PE=1 SV=3	Q9D358
A2ASS6_Titin	sp|A2ASS6|TITIN_MOUSE	Titin  OS=Mus musculus (Mouse) GN=Ttn PE=1 SV=1	A2ASS6
Q8VHK1_Caskin-2	sp|Q8VHK1|CSKI2_MOUSE	Caskin-2  OS=Mus musculus (Mouse) GN=Caskin2 PE=1 SV=3	Q8VHK1
P97371_Proteasome activator com.	sp|P97371|PSME1_MOUSE	Proteasome activator complex subunit 1  OS=Mus musculus (Mouse) GN=Psme1 PE=1 SV=2	P97371
Q8CF98_Collectin-10	sp|Q8CF98|COL10_MOUSE	Collectin-10  OS=Mus musculus (Mouse) GN=Colec10 PE=2 SV=1	Q8CF98
P17563_Methanethiol oxidase	sp|P17563|SBP1_MOUSE	Methanethiol oxidase  OS=Mus musculus (Mouse) GN=Selenbp1 PE=1 SV=2	P17563
Q8CGK3_Lon protease homolog, mi.	sp|Q8CGK3|LONM_MOUSE	Lon protease homolog, mitochondrial  OS=Mus musculus (Mouse) GN=Lonp1 PE=1 SV=2	Q8CGK3
B2RUP2_Protein unc-13 homolog D	sp|B2RUP2|UN13D_MOUSE	Protein unc-13 homolog D  OS=Mus musculus (Mouse) GN=Unc13d PE=1 SV=2	B2RUP2
P97504_Cytoplasmic tyrosine-pro.	sp|P97504|BMX_MOUSE	Cytoplasmic tyrosine-protein kinase BMX  OS=Mus musculus (Mouse) GN=Bmx PE=2 SV=1	P97504
Q9R0Q7_Prostaglandin E synthase.	sp|Q9R0Q7|TEBP_MOUSE	Prostaglandin E synthase 3  OS=Mus musculus (Mouse) GN=Ptges3 PE=1 SV=1	Q9R0Q7
Q3V1M1_Immunoglobulin superfami.	sp|Q3V1M1|IGS10_MOUSE	Immunoglobulin superfamily member 10  OS=Mus musculus (Mouse) GN=Igsf10 PE=2 SV=2	Q3V1M1
Q9WUM3_Coronin-1B	sp|Q9WUM3|COR1B_MOUSE	Coronin-1B  OS=Mus musculus (Mouse) GN=Coro1b PE=1 SV=1	Q9WUM3
Q8K057_Intraflagellar transport.	sp|Q8K057|IFT80_MOUSE	Intraflagellar transport protein 80 homolog  OS=Mus musculus (Mouse) GN=Ift80 PE=1 SV=1	Q8K057
Q9CZE3_Ras-related protein Rab-.	sp|Q9CZE3|RAB32_MOUSE	Ras-related protein Rab-32  OS=Mus musculus (Mouse) GN=Rab32 PE=1 SV=3	Q9CZE3
P35175_Stefin-1	sp|P35175|CYT1_MOUSE	Stefin-1  OS=Mus musculus (Mouse) GN=Stfa1 PE=3 SV=1	P35175
A2AKB4_FERM and PDZ domain-cont.	sp|A2AKB4|FRPD1_MOUSE	FERM and PDZ domain-containing protein 1  OS=Mus musculus (Mouse) GN=Frmpd1 PE=1 SV=1	A2AKB4
O70410_Vomeronasal type-2 recep.	sp|O70410|V2R1_MOUSE	Vomeronasal type-2 receptor 1  OS=Mus musculus (Mouse) GN=Vmn2r1 PE=1 SV=1	O70410
Q99K28_ADP-ribosylation factor .	sp|Q99K28|ARFG2_MOUSE	ADP-ribosylation factor GTPase-activating protein 2  OS=Mus musculus (Mouse) GN=Arfgap2 PE=1 SV=1	Q99K28
Q7TMY4_THO complex subunit 7 ho.	sp|Q7TMY4|THOC7_MOUSE	THO complex subunit 7 homolog  OS=Mus musculus (Mouse) GN=Thoc7 PE=1 SV=2	Q7TMY4
O88351_Inhibitor of nuclear fac.	sp|O88351|IKKB_MOUSE	Inhibitor of nuclear factor kappa-B kinase subunit beta  OS=Mus musculus (Mouse) GN=Ikbkb PE=1 SV=1	O88351
Q9DAI4_Zinc finger and BTB doma.	sp|Q9DAI4|ZBT43_MOUSE	Zinc finger and BTB domain-containing protein 43  OS=Mus musculus (Mouse) GN=Zbtb43 PE=2 SV=2	Q9DAI4
Q60805_Tyrosine-protein kinase .	sp|Q60805|MERTK_MOUSE	Tyrosine-protein kinase Mer  OS=Mus musculus (Mouse) GN=Mertk PE=1 SV=1	Q60805
Q80VP2_Spermatogenesis-associat.	sp|Q80VP2|SPAT7_MOUSE	Spermatogenesis-associated protein 7 homolog  OS=Mus musculus (Mouse) GN=Spata7 PE=1 SV=1	Q80VP2
Q8CDG3_Deubiquitinating protein.	sp|Q8CDG3|VCIP1_MOUSE	Deubiquitinating protein VCIP135  OS=Mus musculus (Mouse) GN=Vcpip1 PE=1 SV=1	Q8CDG3
P28798_Granulins	sp|P28798|GRN_MOUSE	Granulins  OS=Mus musculus (Mouse) GN=Grn PE=1 SV=2	P28798
